year,round,seed1,team1,adj_eff1,adj_off1,adj_def1,barthag1,efg1,to_pct1,orb_pct1,wins1,losses1,three_pct1,opp_three_pct1,seed2,team2,adj_eff2,adj_off2,adj_def2,barthag2,efg2,to_pct2,orb_pct2,wins2,losses2,three_pct2,opp_three_pct2,winner
2015,1,1,Kentucky,31.74,122.37,90.4,0.98,0.5598,0.1666,0.2805,33,2,0.3808,0.3275,16,Hampton,-3.7,108.08,112.13,0.438,0.4764,0.1975,0.3312,15,14,0.3297,0.3562,Kentucky
2015,1,8,Cincinnati,8.69,114.96,107.22,0.6299,0.5324,0.1553,0.3115,20,11,0.367,0.3006,9,Purdue,9.71,114.69,104.86,0.6568,0.5392,0.1722,0.3035,24,8,0.3232,0.2945,Cincinnati
2015,1,5,West Virginia,18.71,116.86,97.41,0.7689,0.5414,0.1784,0.2691,25,8,0.3869,0.3215,12,Buffalo,6.57,110.04,102.88,0.5813,0.5242,0.1691,0.3073,24,8,0.3687,0.2999,West Virginia
2015,1,4,Maryland,16.08,117.66,101.9,0.7334,0.5152,0.1672,0.2902,24,5,0.3829,0.3093,13,Valparaiso,7.4,115.92,107.81,0.6061,0.5016,0.185,0.281,22,12,0.3318,0.3396,Maryland
2015,1,6,Butler,14.96,115.89,101.35,0.7204,0.5253,0.1637,0.2644,25,8,0.3289,0.3156,11,Texas,8.02,114.47,106.27,0.6389,0.5257,0.1681,0.3133,22,13,0.3216,0.3227,Butler
2015,1,3,Notre Dame,19.25,115.06,95.13,0.7916,0.5443,0.161,0.2924,25,8,0.3619,0.2883,14,Northeastern,1.47,113.35,111.32,0.5228,0.4905,0.164,0.2697,18,15,0.3189,0.3061,Notre Dame
2015,1,7,Wichita State,12.99,115.91,103.15,0.6894,0.5107,0.1791,0.2888,24,9,0.3619,0.3371,10,Indiana,7.03,111.62,105.45,0.5905,0.5297,0.1857,0.2751,21,10,0.3479,0.3057,Wichita State
2015,1,2,Kansas,26.44,118.61,91.3,0.9059,0.562,0.1693,0.2734,27,5,0.3785,0.3016,15,New Mexico State,-2.5,109.77,112.73,0.4676,0.4943,0.197,0.3014,19,12,0.3376,0.3319,Kansas
2015,2,1,Kentucky,31.74,122.37,90.4,0.98,0.5598,0.1666,0.2805,33,2,0.3808,0.3275,8,Cincinnati,8.69,114.96,107.22,0.6299,0.5324,0.1553,0.3115,20,11,0.367,0.3006,Kentucky
2015,2,5,West Virginia,18.71,116.86,97.41,0.7689,0.5414,0.1784,0.2691,25,8,0.3869,0.3215,4,Maryland,16.08,117.66,101.9,0.7334,0.5152,0.1672,0.2902,24,5,0.3829,0.3093,West Virginia
2015,2,6,Butler,14.96,115.89,101.35,0.7204,0.5253,0.1637,0.2644,25,8,0.3289,0.3156,3,Notre Dame,19.25,115.06,95.13,0.7916,0.5443,0.161,0.2924,25,8,0.3619,0.2883,Notre Dame
2015,2,7,Wichita State,12.99,115.91,103.15,0.6894,0.5107,0.1791,0.2888,24,9,0.3619,0.3371,2,Kansas,26.44,118.61,91.3,0.9059,0.562,0.1693,0.2734,27,5,0.3785,0.3016,Kansas
2015,3,1,Kentucky,31.74,122.37,90.4,0.98,0.5598,0.1666,0.2805,33,2,0.3808,0.3275,5,West Virginia,18.71,116.86,97.41,0.7689,0.5414,0.1784,0.2691,25,8,0.3869,0.3215,Kentucky
2015,3,3,Notre Dame,19.25,115.06,95.13,0.7916,0.5443,0.161,0.2924,25,8,0.3619,0.2883,2,Kansas,26.44,118.61,91.3,0.9059,0.562,0.1693,0.2734,27,5,0.3785,0.3016,Notre Dame
2015,4,1,Kentucky,31.74,122.37,90.4,0.98,0.5598,0.1666,0.2805,33,2,0.3808,0.3275,3,Notre Dame,19.25,115.06,95.13,0.7916,0.5443,0.161,0.2924,25,8,0.3619,0.2883,Kentucky
2015,1,1,Wisconsin,27.37,122.25,94.07,0.9186,0.546,0.1522,0.3388,33,4,0.374,0.2853,16,Coastal Carolina,-5.77,110.52,117.03,0.4275,0.4727,0.1896,0.3359,16,16,0.3503,0.3464,Wisconsin
2015,1,8,Oregon,8.94,115.09,107.12,0.6424,0.5038,0.1709,0.3073,22,11,0.3582,0.3004,9,Oklahoma State,12.39,112.46,100.85,0.704,0.5389,0.1683,0.2832,22,11,0.3726,0.3316,Oregon
2015,1,5,Arkansas,16.72,118.15,101.5,0.7706,0.536,0.1636,0.2988,26,8,0.3551,0.3304,12,Wofford,7.45,111.41,104.89,0.6149,0.5323,0.1582,0.2893,23,11,0.3526,0.314,Arkansas
2015,1,4,North Carolina,17.71,114.88,97.33,0.7798,0.5253,0.1708,0.3228,25,9,0.3718,0.334,13,Harvard,4.06,113.46,110.36,0.5446,0.5039,0.1731,0.331,19,11,0.3192,0.2982,North Carolina
2015,1,6,Xavier,17.5,117.3,99.78,0.7626,0.536,0.1595,0.2923,22,7,0.3569,0.3053,11,Ole Miss,5.23,109.92,105.07,0.5761,0.5204,0.1786,0.2997,23,13,0.339,0.329,Xavier
2015,1,3,Baylor,19.57,116.69,96.61,0.7749,0.5521,0.1594,0.3305,28,5,0.3868,0.2864,14,Georgia State,0.95,111.49,110.18,0.506,0.5183,0.185,0.2748,18,15,0.3613,0.327,Georgia State
2015,1,7,VCU,10.3,113.53,103.6,0.6372,0.5258,0.1781,0.2919,22,9,0.3602,0.3197,10,Ohio State,9.95,114.14,104.13,0.6559,0.5076,0.1544,0.3296,23,11,0.3508,0.3211,Ohio State
2015,1,2,Arizona,22.08,120.2,98.15,0.8354,0.5545,0.1476,0.2631,30,7,0.3878,0.2935,15,Texas Southern,-2.87,109.31,112.53,0.4664,0.5059,0.1893,0.3069,20,13,0.3363,0.3168,Arizona
2015,2,1,Wisconsin,27.37,122.25,94.07,0.9186,0.546,0.1522,0.3388,33,4,0.374,0.2853,8,Oregon,8.94,115.09,107.12,0.6424,0.5038,0.1709,0.3073,22,11,0.3582,0.3004,Wisconsin
2015,2,5,Arkansas,16.72,118.15,101.5,0.7706,0.536,0.1636,0.2988,26,8,0.3551,0.3304,4,North Carolina,17.71,114.88,97.33,0.7798,0.5253,0.1708,0.3228,25,9,0.3718,0.334,North Carolina
2015,2,6,Xavier,17.5,117.3,99.78,0.7626,0.536,0.1595,0.2923,22,7,0.3569,0.3053,14,Georgia State,0.95,111.49,110.18,0.506,0.5183,0.185,0.2748,18,15,0.3613,0.327,Xavier
2015,2,10,Ohio State,9.95,114.14,104.13,0.6559,0.5076,0.1544,0.3296,23,11,0.3508,0.3211,2,Arizona,22.08,120.2,98.15,0.8354,0.5545,0.1476,0.2631,30,7,0.3878,0.2935,Arizona
2015,3,1,Wisconsin,27.37,122.25,94.07,0.9186,0.546,0.1522,0.3388,33,4,0.374,0.2853,4,North Carolina,17.71,114.88,97.33,0.7798,0.5253,0.1708,0.3228,25,9,0.3718,0.334,Wisconsin
2015,3,6,Xavier,17.5,117.3,99.78,0.7626,0.536,0.1595,0.2923,22,7,0.3569,0.3053,2,Arizona,22.08,120.2,98.15,0.8354,0.5545,0.1476,0.2631,30,7,0.3878,0.2935,Arizona
2015,4,1,Wisconsin,27.37,122.25,94.07,0.9186,0.546,0.1522,0.3388,33,4,0.374,0.2853,2,Arizona,22.08,120.2,98.15,0.8354,0.5545,0.1476,0.2631,30,7,0.3878,0.2935,Wisconsin
2015,1,1,Villanova,32.51,124.03,92.26,0.9731,0.568,0.1514,0.3052,32,2,0.3591,0.28,16,Lafayette,-4.8,106.3,111.72,0.4086,0.4821,0.1812,0.293,17,14,0.3265,0.3247,Villanova
2015,1,8,NC State,13.28,115.97,102.33,0.7104,0.5447,0.1525,0.2689,20,11,0.3688,0.3281,9,LSU,7.6,112.34,105.69,0.628,0.5179,0.1893,0.265,21,12,0.3519,0.3173,LSU
2015,1,5,Northern Iowa,17.52,115.77,97.66,0.7709,0.533,0.147,0.3245,27,5,0.359,0.3209,12,Wyoming,6.37,109.81,103.74,0.5885,0.5236,0.1864,0.275,23,9,0.3167,0.3532,Northern Iowa
2015,1,4,Louisville,18.89,118.75,99.06,0.7963,0.542,0.157,0.3272,27,7,0.3542,0.3231,13,UC Irvine,7.7,114.03,105.97,0.6063,0.5082,0.1604,0.2965,20,13,0.3428,0.2975,Louisville
2015,1,6,Providence,15.56,114.42,98.38,0.7508,0.5466,0.1666,0.3222,26,8,0.3284,0.3291,11,Dayton,6.7,109.74,103.46,0.5939,0.5133,0.1921,0.3061,19,9,0.3345,0.3178,Dayton
2015,1,3,Oklahoma,21.74,118.03,97.02,0.8334,0.5415,0.1707,0.2727,28,8,0.349,0.3029,14,Albany,1.07,107.84,106.17,0.5256,0.498,0.1614,0.2619,19,15,0.3447,0.3153,Oklahoma
2015,1,7,Michigan State,10.82,114.96,104.22,0.6594,0.521,0.165,0.2756,23,9,0.3295,0.3126,10,Georgia,6.48,114.0,107.17,0.5863,0.4944,0.1852,0.2811,22,10,0.3324,0.3301,Michigan State
2015,1,2,Virginia,22.76,117.65,94.15,0.8421,0.5273,0.163,0.2949,29,5,0.3904,0.3317,15,Belmont,0.19,107.19,106.45,0.4993,0.5073,0.1702,0.2891,19,12,0.3342,0.3136,Virginia
2015,2,1,Villanova,32.51,124.03,92.26,0.9731,0.568,0.1514,0.3052,32,2,0.3591,0.28,9,LSU,7.6,112.34,105.69,0.628,0.5179,0.1893,0.265,21,12,0.3519,0.3173,LSU
2015,2,5,Northern Iowa,17.52,115.77,97.66,0.7709,0.533,0.147,0.3245,27,5,0.359,0.3209,4,Louisville,18.89,118.75,99.06,0.7963,0.542,0.157,0.3272,27,7,0.3542,0.3231,Louisville
2015,2,11,Dayton,6.7,109.74,103.46,0.5939,0.5133,0.1921,0.3061,19,9,0.3345,0.3178,3,Oklahoma,21.74,118.03,97.02,0.8334,0.5415,0.1707,0.2727,28,8,0.349,0.3029,Oklahoma
2015,2,7,Michigan State,10.82,114.96,104.22,0.6594,0.521,0.165,0.2756,23,9,0.3295,0.3126,2,Virginia,22.76,117.65,94.15,0.8421,0.5273,0.163,0.2949,29,5,0.3904,0.3317,Michigan State
2015,3,9,LSU,7.6,112.34,105.69,0.628,0.5179,0.1893,0.265,21,12,0.3519,0.3173,4,Louisville,18.89,118.75,99.06,0.7963,0.542,0.157,0.3272,27,7,0.3542,0.3231,Louisville
2015,3,3,Oklahoma,21.74,118.03,97.02,0.8334,0.5415,0.1707,0.2727,28,8,0.349,0.3029,7,Michigan State,10.82,114.96,104.22,0.6594,0.521,0.165,0.2756,23,9,0.3295,0.3126,Michigan State
2015,4,4,Louisville,18.89,118.75,99.06,0.7963,0.542,0.157,0.3272,27,7,0.3542,0.3231,7,Michigan State,10.82,114.96,104.22,0.6594,0.521,0.165,0.2756,23,9,0.3295,0.3126,Michigan State
2015,1,1,Duke,32.59,120.58,87.06,0.9799,0.5714,0.14,0.3322,33,5,0.3651,0.3166,16,Robert Morris,-2.45,107.94,109.85,0.4574,0.4752,0.1979,0.2907,17,15,0.3633,0.3587,Duke
2015,1,8,San Diego State,10.26,116.66,105.44,0.6607,0.5117,0.1652,0.2821,24,11,0.3223,0.3247,9,St. John's,7.1,110.86,103.57,0.6,0.5233,0.1688,0.3292,23,12,0.3351,0.3163,San Diego State
2015,1,5,Utah,15.94,118.85,103.89,0.7308,0.5424,0.1512,0.3187,27,5,0.3441,0.3087,12,Stephen F. Austin,4.6,109.13,104.72,0.5855,0.4998,0.1732,0.306,23,10,0.3574,0.3208,Utah
2015,1,4,Georgetown,16.39,114.14,97.49,0.7544,0.5213,0.1683,0.2709,24,9,0.3442,0.3278,13,Eastern Washington,3.36,109.14,106.54,0.5453,0.5034,0.1831,0.2976,23,12,0.3457,0.305,Georgetown
2015,1,6,SMU,12.33,114.51,101.31,0.7011,0.5202,0.1633,0.3363,26,6,0.3394,0.3228,11,UCLA,5.14,111.11,105.24,0.5836,0.5213,0.1739,0.3219,23,10,0.3486,0.3304,UCLA
2015,1,3,Iowa State,22.28,118.62,96.65,0.8171,0.5643,0.1752,0.2865,29,4,0.3551,0.3159,14,UAB,4.66,112.17,108.33,0.583,0.522,0.1604,0.2727,22,11,0.3274,0.338,UAB
2015,1,7,Iowa,11.15,112.68,102.16,0.6711,0.5394,0.1491,0.2612,23,7,0.3284,0.3418,10,Davidson,10.08,116.31,106.58,0.6535,0.5144,0.1576,0.2848,21,8,0.3555,0.3495,Davidson
2015,1,2,Gonzaga,23.51,121.41,98.5,0.8465,0.5371,0.14,0.2642,30,4,0.3775,0.3337,15,North Dakota State,-2.87,108.01,111.2,0.447,0.506,0.1637,0.2832,19,16,0.332,0.3201,Gonzaga
2015,2,1,Duke,32.59,120.58,87.06,0.9799,0.5714,0.14,0.3322,33,5,0.3651,0.3166,8,San Diego State,10.26,116.66,105.44,0.6607,0.5117,0.1652,0.2821,24,11,0.3223,0.3247,Duke
2015,2,5,Utah,15.94,118.85,103.89,0.7308,0.5424,0.1512,0.3187,27,5,0.3441,0.3087,4,Georgetown,16.39,114.14,97.49,0.7544,0.5213,0.1683,0.2709,24,9,0.3442,0.3278,Utah
2015,2,11,UCLA,5.14,111.11,105.24,0.5836,0.5213,0.1739,0.3219,23,10,0.3486,0.3304,14,UAB,4.66,112.17,108.33,0.583,0.522,0.1604,0.2727,22,11,0.3274,0.338,UCLA
2015,2,10,Davidson,10.08,116.31,106.58,0.6535,0.5144,0.1576,0.2848,21,8,0.3555,0.3495,2,Gonzaga,23.51,121.41,98.5,0.8465,0.5371,0.14,0.2642,30,4,0.3775,0.3337,Gonzaga
2015,3,1,Duke,32.59,120.58,87.06,0.9799,0.5714,0.14,0.3322,33,5,0.3651,0.3166,5,Utah,15.94,118.85,103.89,0.7308,0.5424,0.1512,0.3187,27,5,0.3441,0.3087,Duke
2015,3,11,UCLA,5.14,111.11,105.24,0.5836,0.5213,0.1739,0.3219,23,10,0.3486,0.3304,2,Gonzaga,23.51,121.41,98.5,0.8465,0.5371,0.14,0.2642,30,4,0.3775,0.3337,Gonzaga
2015,4,1,Duke,32.59,120.58,87.06,0.9799,0.5714,0.14,0.3322,33,5,0.3651,0.3166,2,Gonzaga,23.51,121.41,98.5,0.8465,0.5371,0.14,0.2642,30,4,0.3775,0.3337,Duke
2015,5,1,Kentucky,31.74,122.37,90.4,0.98,0.5598,0.1666,0.2805,33,2,0.3808,0.3275,1,Wisconsin,27.37,122.25,94.07,0.9186,0.546,0.1522,0.3388,33,4,0.374,0.2853,Wisconsin
2015,5,7,Michigan State,10.82,114.96,104.22,0.6594,0.521,0.165,0.2756,23,9,0.3295,0.3126,1,Duke,32.59,120.58,87.06,0.9799,0.5714,0.14,0.3322,33,5,0.3651,0.3166,Duke
2015,6,1,Wisconsin,27.37,122.25,94.07,0.9186,0.546,0.1522,0.3388,33,4,0.374,0.2853,1,Duke,32.59,120.58,87.06,0.9799,0.5714,0.14,0.3322,33,5,0.3651,0.3166,Duke
2016,1,1,Kansas,28.78,123.93,94.46,0.95,0.5694,0.14,0.3084,30,3,0.3867,0.3146,16,Austin Peay,-0.77,111.73,111.51,0.4997,0.4828,0.1754,0.3183,19,18,0.3659,0.3187,Kansas
2016,1,8,Colorado,11.83,112.95,100.37,0.6911,0.5279,0.1815,0.2949,22,11,0.3719,0.2956,9,Connecticut,8.61,112.74,103.89,0.6439,0.5365,0.1811,0.2809,20,9,0.3431,0.3459,Connecticut
2016,1,5,Maryland,15.83,116.82,100.34,0.7518,0.523,0.1497,0.3007,24,7,0.3518,0.2845,12,South Dakota State,5.47,110.39,105.24,0.5792,0.505,0.1779,0.2978,21,10,0.3645,0.2991,Maryland
2016,1,4,California,18.58,118.14,98.8,0.7933,0.5421,0.1814,0.2732,26,6,0.3569,0.3203,13,Hawaii,3.92,112.26,107.78,0.5743,0.5018,0.1799,0.3042,22,12,0.3571,0.3062,Hawaii
2016,1,6,Arizona,17.22,115.55,97.65,0.7514,0.5333,0.1786,0.3302,23,6,0.3395,0.3013,11,Wichita State,10.19,113.97,104.58,0.6613,0.5091,0.1572,0.3196,23,13,0.3349,0.3053,Wichita State
2016,1,3,Miami,20.05,119.62,98.64,0.7903,0.5308,0.1438,0.3133,26,6,0.3445,0.3104,14,Buffalo,3.89,109.67,105.5,0.5737,0.4935,0.1671,0.3351,20,11,0.3357,0.3535,Miami
2016,1,7,Iowa,13.96,115.58,101.17,0.6899,0.5202,0.1683,0.3111,23,10,0.331,0.3387,10,Temple,11.35,115.44,103.73,0.6813,0.523,0.1703,0.2862,19,12,0.3727,0.2894,Temple
2016,1,2,Villanova,24.49,121.89,97.62,0.8729,0.5635,0.1714,0.2777,30,5,0.3814,0.3292,15,UNC Asheville,-2.03,108.16,109.3,0.4526,0.4858,0.165,0.2854,21,12,0.3203,0.3446,Villanova
2016,2,1,Kansas,28.78,123.93,94.46,0.95,0.5694,0.14,0.3084,30,3,0.3867,0.3146,9,Connecticut,8.61,112.74,103.89,0.6439,0.5365,0.1811,0.2809,20,9,0.3431,0.3459,Kansas
2016,2,5,Maryland,15.83,116.82,100.34,0.7518,0.523,0.1497,0.3007,24,7,0.3518,0.2845,13,Hawaii,3.92,112.26,107.78,0.5743,0.5018,0.1799,0.3042,22,12,0.3571,0.3062,Maryland
2016,2,11,Wichita State,10.19,113.97,104.58,0.6613,0.5091,0.1572,0.3196,23,13,0.3349,0.3053,3,Miami,20.05,119.62,98.64,0.7903,0.5308,0.1438,0.3133,26,6,0.3445,0.3104,Miami
2016,2,10,Temple,11.35,115.44,103.73,0.6813,0.523,0.1703,0.2862,19,12,0.3727,0.2894,2,Villanova,24.49,121.89,97.62,0.8729,0.5635,0.1714,0.2777,30,5,0.3814,0.3292,Villanova
2016,3,1,Kansas,28.78,123.93,94.46,0.95,0.5694,0.14,0.3084,30,3,0.3867,0.3146,5,Maryland,15.83,116.82,100.34,0.7518,0.523,0.1497,0.3007,24,7,0.3518,0.2845,Kansas
2016,3,3,Miami,20.05,119.62,98.64,0.7903,0.5308,0.1438,0.3133,26,6,0.3445,0.3104,2,Villanova,24.49,121.89,97.62,0.8729,0.5635,0.1714,0.2777,30,5,0.3814,0.3292,Villanova
2016,4,1,Kansas,28.78,123.93,94.46,0.95,0.5694,0.14,0.3084,30,3,0.3867,0.3146,2,Villanova,24.49,121.89,97.62,0.8729,0.5635,0.1714,0.2777,30,5,0.3814,0.3292,Villanova
2016,1,1,Oregon,27.14,119.51,91.8,0.9075,0.5512,0.1482,0.3197,31,3,0.3709,0.3161,16,Holy Cross,-0.02,110.84,110.46,0.5048,0.4854,0.1961,0.271,17,17,0.3398,0.3299,Oregon
2016,1,8,Saint Joseph's,11.43,116.42,104.86,0.672,0.5371,0.1833,0.3105,23,11,0.3483,0.313,9,Cincinnati,9.44,111.89,101.81,0.6533,0.5076,0.1539,0.2842,22,11,0.3559,0.3253,Saint Joseph's
2016,1,5,Baylor,14.07,113.13,100.05,0.7129,0.54,0.1769,0.2901,23,8,0.3693,0.3459,12,Yale,7.97,113.17,105.68,0.6137,0.5092,0.1632,0.3348,22,10,0.3561,0.3237,Yale
2016,1,4,Duke,21.6,118.56,97.49,0.8126,0.5587,0.157,0.2767,27,9,0.3756,0.3185,13,UNC Wilmington,4.63,110.29,104.68,0.5878,0.5032,0.1589,0.3339,22,10,0.3194,0.332,Duke
2016,1,6,Texas,14.85,118.83,103.19,0.7219,0.5332,0.1652,0.2994,23,7,0.3478,0.3118,11,Northern Iowa,6.91,111.56,103.82,0.5874,0.5152,0.1829,0.3173,22,11,0.3422,0.3134,Northern Iowa
2016,1,3,Texas A&M,21.01,119.46,98.8,0.8309,0.5272,0.1513,0.2813,28,8,0.3752,0.3244,14,Green Bay,3.1,109.54,107.36,0.5543,0.4883,0.1956,0.2948,21,11,0.3493,0.3391,Texas A&M
2016,1,7,Oregon State,13.35,117.85,104.3,0.7119,0.5303,0.1656,0.2764,25,9,0.3822,0.3453,10,VCU,10.25,114.49,104.35,0.647,0.5296,0.1786,0.2631,19,9,0.3766,0.3041,VCU
2016,1,2,Oklahoma,24.76,119.48,94.38,0.8881,0.5451,0.1682,0.319,29,4,0.3897,0.3241,15,CSU Bakersfield,0.94,109.1,107.75,0.515,0.5129,0.1596,0.2817,18,15,0.312,0.3076,Oklahoma
2016,2,1,Oregon,27.14,119.51,91.8,0.9075,0.5512,0.1482,0.3197,31,3,0.3709,0.3161,8,Saint Joseph's,11.43,116.42,104.86,0.672,0.5371,0.1833,0.3105,23,11,0.3483,0.313,Oregon
2016,2,12,Yale,7.97,113.17,105.68,0.6137,0.5092,0.1632,0.3348,22,10,0.3561,0.3237,4,Duke,21.6,118.56,97.49,0.8126,0.5587,0.157,0.2767,27,9,0.3756,0.3185,Duke
2016,2,11,Northern Iowa,6.91,111.56,103.82,0.5874,0.5152,0.1829,0.3173,22,11,0.3422,0.3134,3,Texas A&M,21.01,119.46,98.8,0.8309,0.5272,0.1513,0.2813,28,8,0.3752,0.3244,Texas A&M
2016,2,10,VCU,10.25,114.49,104.35,0.647,0.5296,0.1786,0.2631,19,9,0.3766,0.3041,2,Oklahoma,24.76,119.48,94.38,0.8881,0.5451,0.1682,0.319,29,4,0.3897,0.3241,Oklahoma
2016,3,1,Oregon,27.14,119.51,91.8,0.9075,0.5512,0.1482,0.3197,31,3,0.3709,0.3161,4,Duke,21.6,118.56,97.49,0.8126,0.5587,0.157,0.2767,27,9,0.3756,0.3185,Oregon
2016,3,3,Texas A&M,21.01,119.46,98.8,0.8309,0.5272,0.1513,0.2813,28,8,0.3752,0.3244,2,Oklahoma,24.76,119.48,94.38,0.8881,0.5451,0.1682,0.319,29,4,0.3897,0.3241,Oklahoma
2016,4,1,Oregon,27.14,119.51,91.8,0.9075,0.5512,0.1482,0.3197,31,3,0.3709,0.3161,2,Oklahoma,24.76,119.48,94.38,0.8881,0.5451,0.1682,0.319,29,4,0.3897,0.3241,Oklahoma
2016,1,1,North Carolina,30.48,124.58,95.07,0.9618,0.5737,0.14,0.3149,33,4,0.3675,0.28,16,Florida Gulf Coast,-2.61,106.99,109.57,0.4656,0.4843,0.174,0.2658,18,15,0.335,0.3356,North Carolina
2016,1,8,USC,9.57,115.2,105.02,0.6313,0.5297,0.1705,0.3312,24,8,0.3464,0.3061,9,Providence,11.12,117.12,105.12,0.6507,0.5175,0.1676,0.3079,24,12,0.3528,0.3208,Providence
2016,1,5,Indiana,15.48,119.16,103.85,0.7141,0.5405,0.1514,0.34,24,5,0.3544,0.2958,12,Chattanooga,4.72,110.67,106.15,0.5791,0.5094,0.1791,0.2697,21,10,0.3246,0.3112,Indiana
2016,1,4,Kentucky,17.19,117.41,99.52,0.7485,0.5526,0.1708,0.2891,23,8,0.3697,0.297,13,Stony Brook,5.05,109.85,104.18,0.5797,0.5237,0.1845,0.2811,22,10,0.3405,0.3057,Kentucky
2016,1,6,Notre Dame,12.08,116.94,104.91,0.665,0.5359,0.1615,0.2837,23,9,0.3636,0.3384,11,Michigan,5.31,111.71,105.5,0.5788,0.5038,0.1833,0.28,19,12,0.3598,0.3537,Michigan
2016,1,3,West Virginia,21.86,120.16,98.32,0.8141,0.5316,0.161,0.3211,27,7,0.3413,0.2961,14,Stephen F. Austin,2.63,111.3,108.53,0.5409,0.4963,0.1666,0.3267,18,14,0.3444,0.3005,West Virginia
2016,1,7,Wisconsin,13.23,115.66,102.91,0.6937,0.5221,0.1637,0.2887,21,8,0.3376,0.3232,10,Pittsburgh,7.4,111.01,103.23,0.624,0.5069,0.1715,0.2905,19,11,0.3453,0.3085,Wisconsin
2016,1,2,Xavier,22.13,117.69,94.6,0.8485,0.5387,0.1551,0.2826,30,5,0.3472,0.2955,15,Weber State,1.48,109.03,107.12,0.5333,0.5079,0.1818,0.3221,20,16,0.3572,0.319,Xavier
2016,2,1,North Carolina,30.48,124.58,95.07,0.9618,0.5737,0.14,0.3149,33,4,0.3675,0.28,9,Providence,11.12,117.12,105.12,0.6507,0.5175,0.1676,0.3079,24,12,0.3528,0.3208,North Carolina
2016,2,5,Indiana,15.48,119.16,103.85,0.7141,0.5405,0.1514,0.34,24,5,0.3544,0.2958,4,Kentucky,17.19,117.41,99.52,0.7485,0.5526,0.1708,0.2891,23,8,0.3697,0.297,Indiana
2016,2,11,Michigan,5.31,111.71,105.5,0.5788,0.5038,0.1833,0.28,19,12,0.3598,0.3537,3,West Virginia,21.86,120.16,98.32,0.8141,0.5316,0.161,0.3211,27,7,0.3413,0.2961,West Virginia
2016,2,7,Wisconsin,13.23,115.66,102.91,0.6937,0.5221,0.1637,0.2887,21,8,0.3376,0.3232,2,Xavier,22.13,117.69,94.6,0.8485,0.5387,0.1551,0.2826,30,5,0.3472,0.2955,Xavier
2016,3,1,North Carolina,30.48,124.58,95.07,0.9618,0.5737,0.14,0.3149,33,4,0.3675,0.28,5,Indiana,15.48,119.16,103.85,0.7141,0.5405,0.1514,0.34,24,5,0.3544,0.2958,North Carolina
2016,3,3,West Virginia,21.86,120.16,98.32,0.8141,0.5316,0.161,0.3211,27,7,0.3413,0.2961,2,Xavier,22.13,117.69,94.6,0.8485,0.5387,0.1551,0.2826,30,5,0.3472,0.2955,Xavier
2016,4,1,North Carolina,30.48,124.58,95.07,0.9618,0.5737,0.14,0.3149,33,4,0.3675,0.28,2,Xavier,22.13,117.69,94.6,0.8485,0.5387,0.1551,0.2826,30,5,0.3472,0.2955,North Carolina
2016,1,1,Virginia,29.48,122.23,91.76,0.9328,0.5398,0.1476,0.2973,29,4,0.39,0.3144,16,Hampton,-2.09,111.13,113.55,0.4568,0.5098,0.1881,0.3142,19,14,0.3318,0.3092,Virginia
2016,1,8,Texas Tech,11.03,113.91,103.33,0.6555,0.5302,0.1702,0.3279,23,9,0.3692,0.3061,9,Butler,10.85,115.76,105.77,0.6437,0.5198,0.1699,0.2883,21,9,0.3523,0.2931,Butler
2016,1,5,Purdue,15.82,118.66,102.44,0.7184,0.5282,0.154,0.2688,24,8,0.378,0.319,12,Little Rock,4.82,114.59,109.74,0.5728,0.4909,0.164,0.3305,20,10,0.3398,0.3315,Little Rock
2016,1,4,Iowa State,17.03,114.23,96.32,0.7397,0.5381,0.1658,0.2614,25,5,0.3625,0.2996,13,Iona,2.44,109.05,106.25,0.5286,0.4904,0.1854,0.2935,22,12,0.3356,0.3122,Iowa State
2016,1,6,Seton Hall,14.83,118.74,103.83,0.7027,0.5452,0.1537,0.3265,23,7,0.368,0.3392,11,Gonzaga,7.67,112.23,104.25,0.6272,0.5171,0.1903,0.329,19,11,0.3268,0.3044,Gonzaga
2016,1,3,Utah,24.68,117.45,93.11,0.8638,0.5398,0.14,0.3344,28,4,0.3355,0.3231,14,Fresno State,1.88,112.34,110.35,0.5463,0.4922,0.1942,0.2725,21,14,0.3298,0.3011,Utah
2016,1,7,Dayton,14.92,115.04,100.87,0.7107,0.5107,0.1598,0.3291,22,7,0.3845,0.3331,10,Syracuse,8.9,113.54,104.5,0.6449,0.5373,0.1695,0.2733,23,10,0.3512,0.3409,Syracuse
2016,1,2,Michigan State,23.67,121.47,96.86,0.8419,0.5387,0.1623,0.2849,28,3,0.3784,0.3128,15,Middle Tennessee,0.67,112.03,110.83,0.5112,0.5031,0.1652,0.3266,20,16,0.3616,0.3506,Middle Tennessee
2016,2,1,Virginia,29.48,122.23,91.76,0.9328,0.5398,0.1476,0.2973,29,4,0.39,0.3144,9,Butler,10.85,115.76,105.77,0.6437,0.5198,0.1699,0.2883,21,9,0.3523,0.2931,Virginia
2016,2,12,Little Rock,4.82,114.59,109.74,0.5728,0.4909,0.164,0.3305,20,10,0.3398,0.3315,4,Iowa State,17.03,114.23,96.32,0.7397,0.5381,0.1658,0.2614,25,5,0.3625,0.2996,Iowa State
2016,2,11,Gonzaga,7.67,112.23,104.25,0.6272,0.5171,0.1903,0.329,19,11,0.3268,0.3044,3,Utah,24.68,117.45,93.11,0.8638,0.5398,0.14,0.3344,28,4,0.3355,0.3231,Gonzaga
2016,2,10,Syracuse,8.9,113.54,104.5,0.6449,0.5373,0.1695,0.2733,23,10,0.3512,0.3409,15,Middle Tennessee,0.67,112.03,110.83,0.5112,0.5031,0.1652,0.3266,20,16,0.3616,0.3506,Syracuse
2016,3,1,Virginia,29.48,122.23,91.76,0.9328,0.5398,0.1476,0.2973,29,4,0.39,0.3144,4,Iowa State,17.03,114.23,96.32,0.7397,0.5381,0.1658,0.2614,25,5,0.3625,0.2996,Virginia
2016,3,11,Gonzaga,7.67,112.23,104.25,0.6272,0.5171,0.1903,0.329,19,11,0.3268,0.3044,10,Syracuse,8.9,113.54,104.5,0.6449,0.5373,0.1695,0.2733,23,10,0.3512,0.3409,Syracuse
2016,4,1,Virginia,29.48,122.23,91.76,0.9328,0.5398,0.1476,0.2973,29,4,0.39,0.3144,10,Syracuse,8.9,113.54,104.5,0.6449,0.5373,0.1695,0.2733,23,10,0.3512,0.3409,Syracuse
2016,5,2,Villanova,24.49,121.89,97.62,0.8729,0.5635,0.1714,0.2777,30,5,0.3814,0.3292,2,Oklahoma,24.76,119.48,94.38,0.8881,0.5451,0.1682,0.319,29,4,0.3897,0.3241,Villanova
2016,5,1,North Carolina,30.48,124.58,95.07,0.9618,0.5737,0.14,0.3149,33,4,0.3675,0.28,10,Syracuse,8.9,113.54,104.5,0.6449,0.5373,0.1695,0.2733,23,10,0.3512,0.3409,North Carolina
2016,6,2,Villanova,24.49,121.89,97.62,0.8729,0.5635,0.1714,0.2777,30,5,0.3814,0.3292,1,North Carolina,30.48,124.58,95.07,0.9618,0.5737,0.14,0.3149,33,4,0.3675,0.28,Villanova
2017,1,1,North Carolina,31.76,124.8,92.72,0.98,0.5763,0.1583,0.3151,33,3,0.3499,0.2923,16,Texas Southern,-1.97,108.85,110.69,0.4806,0.4832,0.1627,0.3035,17,15,0.3513,0.3511,North Carolina
2017,1,8,Arkansas,13.31,116.95,103.98,0.7074,0.5363,0.1583,0.2674,24,9,0.3567,0.3138,9,Seton Hall,9.65,112.39,102.55,0.6426,0.5036,0.1784,0.3319,21,11,0.3313,0.3368,Arkansas
2017,1,5,Minnesota,17.81,116.12,97.36,0.7849,0.5517,0.148,0.2997,26,6,0.3617,0.3266,12,Middle Tennessee,7.47,112.72,105.72,0.6255,0.5023,0.1783,0.331,20,9,0.3233,0.3495,Middle Tennessee
2017,1,4,Butler,17.52,115.72,97.36,0.7643,0.5354,0.1457,0.2766,24,9,0.3541,0.3171,13,Bucknell,2.42,111.59,110.1,0.5318,0.4891,0.1918,0.3231,21,9,0.3261,0.3371,Butler
2017,1,6,Cincinnati,16.86,118.03,100.98,0.7702,0.5197,0.1583,0.318,22,10,0.349,0.3105,11,Kansas State,5.0,114.89,109.31,0.5692,0.5188,0.1766,0.2803,22,9,0.3327,0.313,Cincinnati
2017,1,3,UCLA,19.25,119.01,98.93,0.7921,0.5213,0.1774,0.3336,29,5,0.3841,0.3367,14,Kent State,3.79,113.67,110.55,0.5657,0.5134,0.1747,0.3021,22,14,0.3158,0.2998,UCLA
2017,1,7,Dayton,15.34,118.73,103.58,0.7321,0.5267,0.162,0.3182,21,10,0.3734,0.3012,10,Wichita State,9.16,110.67,101.47,0.6547,0.5088,0.1684,0.3047,21,11,0.354,0.3228,Wichita State
2017,1,2,Kentucky,22.47,117.7,95.93,0.8311,0.5375,0.1645,0.2741,30,4,0.3696,0.2817,15,Northern Kentucky,2.57,113.8,110.88,0.5561,0.4887,0.1867,0.2659,20,13,0.3551,0.3286,Kentucky
2017,2,1,North Carolina,31.76,124.8,92.72,0.98,0.5763,0.1583,0.3151,33,3,0.3499,0.2923,8,Arkansas,13.31,116.95,103.98,0.7074,0.5363,0.1583,0.2674,24,9,0.3567,0.3138,North Carolina
2017,2,12,Middle Tennessee,7.47,112.72,105.72,0.6255,0.5023,0.1783,0.331,20,9,0.3233,0.3495,4,Butler,17.52,115.72,97.36,0.7643,0.5354,0.1457,0.2766,24,9,0.3541,0.3171,Butler
2017,2,6,Cincinnati,16.86,118.03,100.98,0.7702,0.5197,0.1583,0.318,22,10,0.349,0.3105,3,UCLA,19.25,119.01,98.93,0.7921,0.5213,0.1774,0.3336,29,5,0.3841,0.3367,Cincinnati
2017,2,10,Wichita State,9.16,110.67,101.47,0.6547,0.5088,0.1684,0.3047,21,11,0.354,0.3228,2,Kentucky,22.47,117.7,95.93,0.8311,0.5375,0.1645,0.2741,30,4,0.3696,0.2817,Kentucky
2017,3,1,North Carolina,31.76,124.8,92.72,0.98,0.5763,0.1583,0.3151,33,3,0.3499,0.2923,4,Butler,17.52,115.72,97.36,0.7643,0.5354,0.1457,0.2766,24,9,0.3541,0.3171,North Carolina
2017,3,6,Cincinnati,16.86,118.03,100.98,0.7702,0.5197,0.1583,0.318,22,10,0.349,0.3105,2,Kentucky,22.47,117.7,95.93,0.8311,0.5375,0.1645,0.2741,30,4,0.3696,0.2817,Kentucky
2017,4,1,North Carolina,31.76,124.8,92.72,0.98,0.5763,0.1583,0.3151,33,3,0.3499,0.2923,2,Kentucky,22.47,117.7,95.93,0.8311,0.5375,0.1645,0.2741,30,4,0.3696,0.2817,North Carolina
2017,1,1,Gonzaga,30.7,124.05,94.17,0.9703,0.5695,0.14,0.3035,32,2,0.3672,0.28,16,South Dakota State,-5.87,109.21,114.32,0.424,0.4926,0.1875,0.2847,17,17,0.3586,0.3263,Gonzaga
2017,1,8,Northwestern,13.17,112.94,98.88,0.682,0.5291,0.1713,0.2719,20,11,0.3815,0.3234,9,Vanderbilt,10.71,111.35,100.07,0.6484,0.5355,0.172,0.2977,24,8,0.3422,0.3438,Northwestern
2017,1,5,Notre Dame,17.26,115.95,98.93,0.7469,0.5381,0.1734,0.3289,26,8,0.3586,0.3063,12,Princeton,5.36,112.91,107.99,0.5968,0.4963,0.1667,0.2623,21,11,0.3359,0.327,Notre Dame
2017,1,4,West Virginia,16.7,114.02,97.75,0.7436,0.5257,0.1492,0.2734,23,7,0.3281,0.3356,13,Bucknell,2.42,111.59,110.1,0.5318,0.4891,0.1918,0.3231,21,9,0.3261,0.3371,West Virginia
2017,1,6,Maryland,17.93,119.04,101.23,0.7672,0.5489,0.1755,0.3262,25,7,0.3294,0.3071,11,Xavier,10.09,115.63,105.78,0.6372,0.5326,0.1735,0.26,22,9,0.3255,0.321,Xavier
2017,1,3,Florida State,22.17,116.69,95.06,0.8198,0.526,0.1542,0.2983,29,4,0.3575,0.3105,14,Florida Gulf Coast,3.0,112.9,110.04,0.5256,0.4935,0.1601,0.2702,21,13,0.3296,0.2981,Florida State
2017,1,7,Saint Mary's,11.39,112.1,100.05,0.6633,0.5239,0.1506,0.3134,24,7,0.3796,0.3355,10,VCU,11.74,116.02,104.26,0.692,0.5407,0.1738,0.2638,21,12,0.379,0.3283,Saint Mary's
2017,1,2,Arizona,22.21,117.49,95.54,0.8307,0.5587,0.1501,0.3309,26,6,0.3799,0.2994,15,North Dakota,0.66,110.5,110.14,0.5223,0.4883,0.1964,0.2722,20,14,0.3387,0.309,Arizona
2017,2,1,Gonzaga,30.7,124.05,94.17,0.9703,0.5695,0.14,0.3035,32,2,0.3672,0.28,8,Northwestern,13.17,112.94,98.88,0.682,0.5291,0.1713,0.2719,20,11,0.3815,0.3234,Gonzaga
2017,2,5,Notre Dame,17.26,115.95,98.93,0.7469,0.5381,0.1734,0.3289,26,8,0.3586,0.3063,4,West Virginia,16.7,114.02,97.75,0.7436,0.5257,0.1492,0.2734,23,7,0.3281,0.3356,West Virginia
2017,2,11,Xavier,10.09,115.63,105.78,0.6372,0.5326,0.1735,0.26,22,9,0.3255,0.321,3,Florida State,22.17,116.69,95.06,0.8198,0.526,0.1542,0.2983,29,4,0.3575,0.3105,Xavier
2017,2,7,Saint Mary's,11.39,112.1,100.05,0.6633,0.5239,0.1506,0.3134,24,7,0.3796,0.3355,2,Arizona,22.21,117.49,95.54,0.8307,0.5587,0.1501,0.3309,26,6,0.3799,0.2994,Arizona
2017,3,1,Gonzaga,30.7,124.05,94.17,0.9703,0.5695,0.14,0.3035,32,2,0.3672,0.28,4,West Virginia,16.7,114.02,97.75,0.7436,0.5257,0.1492,0.2734,23,7,0.3281,0.3356,Gonzaga
2017,3,11,Xavier,10.09,115.63,105.78,0.6372,0.5326,0.1735,0.26,22,9,0.3255,0.321,2,Arizona,22.21,117.49,95.54,0.8307,0.5587,0.1501,0.3309,26,6,0.3799,0.2994,Xavier
2017,4,1,Gonzaga,30.7,124.05,94.17,0.9703,0.5695,0.14,0.3035,32,2,0.3672,0.28,11,Xavier,10.09,115.63,105.78,0.6372,0.5326,0.1735,0.26,22,9,0.3255,0.321,Gonzaga
2017,1,1,Villanova,30.53,124.88,94.54,0.9616,0.5728,0.1454,0.2667,33,3,0.3994,0.286,16,Mount St. Mary's,-0.07,111.69,111.85,0.4921,0.5001,0.1999,0.3095,16,15,0.3684,0.3316,Villanova
2017,1,8,Wisconsin,11.15,113.26,102.58,0.6764,0.5401,0.1523,0.3336,24,8,0.3553,0.3176,9,Virginia Tech,8.3,116.29,107.94,0.6232,0.5175,0.1656,0.2886,22,10,0.3455,0.3418,Wisconsin
2017,1,5,Virginia,16.44,114.64,98.13,0.7623,0.5158,0.1827,0.2638,26,5,0.3721,0.3052,12,UNC Wilmington,4.54,114.05,109.3,0.5534,0.4912,0.1868,0.2655,20,12,0.3276,0.3198,Virginia
2017,1,4,Florida,19.94,119.73,99.06,0.7881,0.5481,0.1464,0.2793,23,6,0.3879,0.3028,13,East Tennessee State,5.73,110.07,103.99,0.5786,0.4988,0.1715,0.2733,20,13,0.3683,0.3084,Florida
2017,1,6,SMU,14.7,114.13,98.99,0.7283,0.5169,0.1541,0.3236,26,9,0.3523,0.2943,11,USC,10.02,113.69,102.95,0.6599,0.5193,0.1599,0.2941,20,13,0.3714,0.3297,USC
2017,1,3,Baylor,19.6,117.79,97.92,0.782,0.5575,0.1627,0.2629,29,5,0.3768,0.3382,14,New Mexico State,2.33,108.54,106.29,0.535,0.5097,0.1813,0.2878,20,15,0.3398,0.3096,Baylor
2017,1,7,South Carolina,12.56,112.26,100.42,0.703,0.5059,0.163,0.2863,21,10,0.3473,0.3339,10,Marquette,8.74,115.03,106.46,0.6324,0.5264,0.1863,0.3285,21,8,0.3531,0.3399,South Carolina
2017,1,2,Duke,26.35,122.55,96.26,0.9142,0.5691,0.1604,0.3034,27,7,0.3884,0.28,15,Troy,0.11,112.75,113.07,0.4974,0.5075,0.1681,0.3108,21,14,0.344,0.3042,Duke
2017,2,1,Villanova,30.53,124.88,94.54,0.9616,0.5728,0.1454,0.2667,33,3,0.3994,0.286,8,Wisconsin,11.15,113.26,102.58,0.6764,0.5401,0.1523,0.3336,24,8,0.3553,0.3176,Wisconsin
2017,2,5,Virginia,16.44,114.64,98.13,0.7623,0.5158,0.1827,0.2638,26,5,0.3721,0.3052,4,Florida,19.94,119.73,99.06,0.7881,0.5481,0.1464,0.2793,23,6,0.3879,0.3028,Florida
2017,2,11,USC,10.02,113.69,102.95,0.6599,0.5193,0.1599,0.2941,20,13,0.3714,0.3297,3,Baylor,19.6,117.79,97.92,0.782,0.5575,0.1627,0.2629,29,5,0.3768,0.3382,Baylor
2017,2,7,South Carolina,12.56,112.26,100.42,0.703,0.5059,0.163,0.2863,21,10,0.3473,0.3339,2,Duke,26.35,122.55,96.26,0.9142,0.5691,0.1604,0.3034,27,7,0.3884,0.28,South Carolina
2017,3,8,Wisconsin,11.15,113.26,102.58,0.6764,0.5401,0.1523,0.3336,24,8,0.3553,0.3176,4,Florida,19.94,119.73,99.06,0.7881,0.5481,0.1464,0.2793,23,6,0.3879,0.3028,Florida
2017,3,3,Baylor,19.6,117.79,97.92,0.782,0.5575,0.1627,0.2629,29,5,0.3768,0.3382,7,South Carolina,12.56,112.26,100.42,0.703,0.5059,0.163,0.2863,21,10,0.3473,0.3339,South Carolina
2017,4,4,Florida,19.94,119.73,99.06,0.7881,0.5481,0.1464,0.2793,23,6,0.3879,0.3028,7,South Carolina,12.56,112.26,100.42,0.703,0.5059,0.163,0.2863,21,10,0.3473,0.3339,South Carolina
2017,1,1,Kansas,28.05,124.1,96.57,0.9368,0.5601,0.1551,0.2678,32,2,0.3484,0.325,16,UC Davis,-1.71,108.21,110.44,0.4633,0.4861,0.163,0.3026,19,16,0.3153,0.3569,Kansas
2017,1,8,Miami,11.06,116.74,106.16,0.6494,0.5071,0.1491,0.2635,24,11,0.3364,0.2941,9,Michigan State,10.13,116.35,106.61,0.6363,0.5037,0.1714,0.3109,23,10,0.3339,0.3379,Michigan State
2017,1,5,Iowa State,14.18,116.56,102.22,0.7183,0.5294,0.167,0.2939,24,6,0.3282,0.3114,12,Nevada,6.19,112.34,107.06,0.5794,0.5186,0.1635,0.3092,24,9,0.3618,0.3352,Nevada
2017,1,4,Purdue,16.09,119.17,102.49,0.7398,0.5142,0.1649,0.3119,26,5,0.3261,0.2969,13,Vermont,6.82,111.63,103.97,0.5856,0.5136,0.1804,0.3044,20,12,0.3636,0.335,Purdue
2017,1,6,Creighton,12.88,113.45,99.78,0.6776,0.5334,0.1701,0.2809,26,8,0.3772,0.3362,11,Rhode Island,5.0,112.57,108.4,0.5771,0.4906,0.1847,0.2655,19,10,0.3561,0.3409,Rhode Island
2017,1,3,Oregon,20.47,117.5,96.82,0.7995,0.5222,0.1537,0.2742,27,8,0.3762,0.2911,14,Iona,5.9,111.02,105.89,0.5758,0.5019,0.1671,0.3275,18,15,0.3236,0.3317,Oregon
2017,1,7,Michigan,12.37,117.81,105.04,0.6892,0.5211,0.1805,0.295,22,8,0.3267,0.2946,10,Oklahoma State,7.52,112.34,104.48,0.6209,0.5092,0.1779,0.2864,22,10,0.3217,0.3248,Michigan
2017,1,2,Louisville,24.87,118.43,93.24,0.8727,0.539,0.1413,0.3255,27,5,0.3582,0.3023,15,Jacksonville State,1.48,109.92,108.92,0.5039,0.4963,0.1796,0.3153,18,16,0.3278,0.3158,Louisville
2017,2,1,Kansas,28.05,124.1,96.57,0.9368,0.5601,0.1551,0.2678,32,2,0.3484,0.325,9,Michigan State,10.13,116.35,106.61,0.6363,0.5037,0.1714,0.3109,23,10,0.3339,0.3379,Kansas
2017,2,12,Nevada,6.19,112.34,107.06,0.5794,0.5186,0.1635,0.3092,24,9,0.3618,0.3352,4,Purdue,16.09,119.17,102.49,0.7398,0.5142,0.1649,0.3119,26,5,0.3261,0.2969,Purdue
2017,2,11,Rhode Island,5.0,112.57,108.4,0.5771,0.4906,0.1847,0.2655,19,10,0.3561,0.3409,3,Oregon,20.47,117.5,96.82,0.7995,0.5222,0.1537,0.2742,27,8,0.3762,0.2911,Oregon
2017,2,7,Michigan,12.37,117.81,105.04,0.6892,0.5211,0.1805,0.295,22,8,0.3267,0.2946,2,Louisville,24.87,118.43,93.24,0.8727,0.539,0.1413,0.3255,27,5,0.3582,0.3023,Michigan
2017,3,1,Kansas,28.05,124.1,96.57,0.9368,0.5601,0.1551,0.2678,32,2,0.3484,0.325,4,Purdue,16.09,119.17,102.49,0.7398,0.5142,0.1649,0.3119,26,5,0.3261,0.2969,Kansas
2017,3,3,Oregon,20.47,117.5,96.82,0.7995,0.5222,0.1537,0.2742,27,8,0.3762,0.2911,7,Michigan,12.37,117.81,105.04,0.6892,0.5211,0.1805,0.295,22,8,0.3267,0.2946,Oregon
2017,4,1,Kansas,28.05,124.1,96.57,0.9368,0.5601,0.1551,0.2678,32,2,0.3484,0.325,3,Oregon,20.47,117.5,96.82,0.7995,0.5222,0.1537,0.2742,27,8,0.3762,0.2911,Oregon
2017,5,1,North Carolina,31.76,124.8,92.72,0.98,0.5763,0.1583,0.3151,33,3,0.3499,0.2923,3,Oregon,20.47,117.5,96.82,0.7995,0.5222,0.1537,0.2742,27,8,0.3762,0.2911,North Carolina
2017,5,1,Gonzaga,30.7,124.05,94.17,0.9703,0.5695,0.14,0.3035,32,2,0.3672,0.28,7,South Carolina,12.56,112.26,100.42,0.703,0.5059,0.163,0.2863,21,10,0.3473,0.3339,Gonzaga
2017,6,1,North Carolina,31.76,124.8,92.72,0.98,0.5763,0.1583,0.3151,33,3,0.3499,0.2923,1,Gonzaga,30.7,124.05,94.17,0.9703,0.5695,0.14,0.3035,32,2,0.3672,0.28,North Carolina
2018,1,1,Virginia,27.19,121.38,95.09,0.9197,0.5622,0.1545,0.3316,31,2,0.3644,0.3123,16,UMBC,-3.99,108.54,111.92,0.4453,0.4724,0.1641,0.3207,19,16,0.3481,0.3539,UMBC
2018,1,8,Creighton,13.99,116.88,103.87,0.7235,0.5246,0.1461,0.2803,20,7,0.3696,0.3079,9,Kansas State,7.48,114.14,106.88,0.6014,0.5045,0.1573,0.3173,24,10,0.362,0.3144,Kansas State
2018,1,5,Kentucky,18.95,119.79,99.93,0.7828,0.5457,0.1701,0.3123,25,9,0.3394,0.3054,12,Davidson,8.16,114.21,106.93,0.611,0.5145,0.1584,0.327,24,12,0.3351,0.2919,Kentucky
2018,1,4,Arizona,20.85,119.3,98.35,0.8204,0.5225,0.1738,0.326,24,5,0.3721,0.2881,13,Buffalo,7.08,110.15,103.68,0.6046,0.5047,0.1909,0.2921,20,12,0.3449,0.3501,Buffalo
2018,1,6,Miami,13.65,115.69,101.28,0.722,0.5271,0.1647,0.3321,24,7,0.3668,0.3443,11,Loyola Chicago,10.92,112.23,101.93,0.6748,0.5087,0.176,0.293,20,11,0.362,0.3299,Loyola Chicago
2018,1,3,Tennessee,20.5,117.29,96.46,0.8035,0.534,0.1612,0.3053,29,7,0.3702,0.2871,14,Wright State,3.02,110.94,108.62,0.5499,0.5172,0.1713,0.313,18,12,0.3637,0.3259,Tennessee
2018,1,7,Nevada,12.99,117.01,103.66,0.7128,0.5222,0.1773,0.3343,24,8,0.3554,0.3302,10,Texas,11.86,117.19,105.59,0.6897,0.5253,0.1737,0.2948,19,11,0.3544,0.3162,Nevada
2018,1,2,Cincinnati,23.03,119.94,97.61,0.8294,0.5266,0.1632,0.2671,29,3,0.3765,0.3247,15,Georgia State,0.02,111.72,110.78,0.4975,0.513,0.1907,0.2701,19,12,0.3249,0.3529,Cincinnati
2018,2,16,UMBC,-3.99,108.54,111.92,0.4453,0.4724,0.1641,0.3207,19,16,0.3481,0.3539,9,Kansas State,7.48,114.14,106.88,0.6014,0.5045,0.1573,0.3173,24,10,0.362,0.3144,Kansas State
2018,2,5,Kentucky,18.95,119.79,99.93,0.7828,0.5457,0.1701,0.3123,25,9,0.3394,0.3054,13,Buffalo,7.08,110.15,103.68,0.6046,0.5047,0.1909,0.2921,20,12,0.3449,0.3501,Kentucky
2018,2,11,Loyola Chicago,10.92,112.23,101.93,0.6748,0.5087,0.176,0.293,20,11,0.362,0.3299,3,Tennessee,20.5,117.29,96.46,0.8035,0.534,0.1612,0.3053,29,7,0.3702,0.2871,Loyola Chicago
2018,2,7,Nevada,12.99,117.01,103.66,0.7128,0.5222,0.1773,0.3343,24,8,0.3554,0.3302,2,Cincinnati,23.03,119.94,97.61,0.8294,0.5266,0.1632,0.2671,29,3,0.3765,0.3247,Nevada
2018,3,9,Kansas State,7.48,114.14,106.88,0.6014,0.5045,0.1573,0.3173,24,10,0.362,0.3144,5,Kentucky,18.95,119.79,99.93,0.7828,0.5457,0.1701,0.3123,25,9,0.3394,0.3054,Kentucky
2018,3,11,Loyola Chicago,10.92,112.23,101.93,0.6748,0.5087,0.176,0.293,20,11,0.362,0.3299,7,Nevada,12.99,117.01,103.66,0.7128,0.5222,0.1773,0.3343,24,8,0.3554,0.3302,Loyola Chicago
2018,4,5,Kentucky,18.95,119.79,99.93,0.7828,0.5457,0.1701,0.3123,25,9,0.3394,0.3054,11,Loyola Chicago,10.92,112.23,101.93,0.6748,0.5087,0.176,0.293,20,11,0.362,0.3299,Loyola Chicago
2018,1,1,Xavier,30.22,124.09,94.23,0.936,0.5664,0.14,0.3253,33,5,0.346,0.3138,16,Texas Southern,-1.48,109.66,110.81,0.4953,0.4878,0.2008,0.3031,19,14,0.3243,0.3227,Xavier
2018,1,8,Missouri,10.09,116.72,107.36,0.6472,0.5312,0.1812,0.3336,24,9,0.3565,0.3217,9,Florida State,7.54,111.39,104.56,0.5934,0.5283,0.1608,0.3318,22,9,0.3568,0.3222,Florida State
2018,1,5,Ohio State,17.54,116.95,98.45,0.7717,0.5211,0.1592,0.3019,25,6,0.3694,0.3028,12,South Dakota State,6.81,112.9,105.48,0.6018,0.502,0.1876,0.2769,23,12,0.3488,0.3338,Ohio State
2018,1,4,Gonzaga,20.39,118.02,97.53,0.7905,0.525,0.1603,0.329,26,6,0.3537,0.3032,13,UNC Greensboro,6.09,109.72,103.21,0.5774,0.5137,0.1662,0.3194,19,13,0.3183,0.3307,Gonzaga
2018,1,6,Houston,14.89,115.94,101.03,0.7068,0.5103,0.1771,0.3331,23,9,0.3576,0.2956,11,San Diego State,6.67,110.44,103.6,0.6013,0.4959,0.1847,0.3074,20,11,0.346,0.3002,Houston
2018,1,3,Michigan,21.36,118.59,96.31,0.8153,0.528,0.14,0.2668,29,7,0.3522,0.3029,14,Montana,0.16,110.84,110.1,0.4958,0.495,0.1785,0.3273,18,13,0.3343,0.3389,Michigan
2018,1,7,Texas A&M,11.79,116.01,104.83,0.6721,0.5216,0.1616,0.2709,25,9,0.3292,0.3154,10,Providence,10.49,113.72,103.33,0.6515,0.5281,0.1584,0.3168,19,8,0.3414,0.3433,Texas A&M
2018,1,2,North Carolina,26.54,119.28,93.01,0.9022,0.5457,0.1553,0.261,27,7,0.3686,0.3319,15,Lipscomb,-0.19,112.68,112.61,0.4832,0.5043,0.1924,0.3377,18,13,0.3352,0.3137,North Carolina
2018,2,1,Xavier,30.22,124.09,94.23,0.936,0.5664,0.14,0.3253,33,5,0.346,0.3138,9,Florida State,7.54,111.39,104.56,0.5934,0.5283,0.1608,0.3318,22,9,0.3568,0.3222,Florida State
2018,2,5,Ohio State,17.54,116.95,98.45,0.7717,0.5211,0.1592,0.3019,25,6,0.3694,0.3028,4,Gonzaga,20.39,118.02,97.53,0.7905,0.525,0.1603,0.329,26,6,0.3537,0.3032,Gonzaga
2018,2,6,Houston,14.89,115.94,101.03,0.7068,0.5103,0.1771,0.3331,23,9,0.3576,0.2956,3,Michigan,21.36,118.59,96.31,0.8153,0.528,0.14,0.2668,29,7,0.3522,0.3029,Michigan
2018,2,7,Texas A&M,11.79,116.01,104.83,0.6721,0.5216,0.1616,0.2709,25,9,0.3292,0.3154,2,North Carolina,26.54,119.28,93.01,0.9022,0.5457,0.1553,0.261,27,7,0.3686,0.3319,Texas A&M
2018,3,9,Florida State,7.54,111.39,104.56,0.5934,0.5283,0.1608,0.3318,22,9,0.3568,0.3222,4,Gonzaga,20.39,118.02,97.53,0.7905,0.525,0.1603,0.329,26,6,0.3537,0.3032,Gonzaga
2018,3,3,Michigan,21.36,118.59,96.31,0.8153,0.528,0.14,0.2668,29,7,0.3522,0.3029,7,Texas A&M,11.79,116.01,104.83,0.6721,0.5216,0.1616,0.2709,25,9,0.3292,0.3154,Michigan
2018,4,4,Gonzaga,20.39,118.02,97.53,0.7905,0.525,0.1603,0.329,26,6,0.3537,0.3032,3,Michigan,21.36,118.59,96.31,0.8153,0.528,0.14,0.2668,29,7,0.3522,0.3029,Michigan
2018,1,1,Villanova,31.8,122.81,90.84,0.98,0.5739,0.158,0.2626,32,5,0.3763,0.28,16,Radford,-4.97,106.91,111.56,0.4449,0.4723,0.2022,0.2605,16,15,0.3243,0.3192,Villanova
2018,1,8,Virginia Tech,13.97,113.7,98.93,0.6919,0.5388,0.1563,0.3093,22,10,0.3433,0.3067,9,Alabama,8.41,114.13,105.04,0.6351,0.5037,0.1749,0.3081,21,9,0.3435,0.3341,Alabama
2018,1,5,West Virginia,19.89,120.22,100.57,0.782,0.5351,0.1791,0.2835,27,6,0.3513,0.2832,12,Murray State,9.38,112.13,102.77,0.6592,0.5146,0.1824,0.2886,24,10,0.3568,0.3101,West Virginia
2018,1,4,Wichita State,16.44,117.85,101.64,0.7366,0.5527,0.1555,0.2793,25,5,0.3523,0.3238,13,Marshall,3.19,109.35,105.25,0.5351,0.5112,0.1794,0.2671,19,13,0.3371,0.3202,Marshall
2018,1,6,Florida,13.33,112.82,98.5,0.7062,0.5276,0.1707,0.3394,24,8,0.327,0.3375,11,St. Bonaventure,10.19,116.18,105.56,0.6377,0.5126,0.1615,0.2804,22,10,0.3489,0.3449,Florida
2018,1,3,Texas Tech,24.32,118.83,94.93,0.8769,0.5625,0.1707,0.3027,27,4,0.3399,0.3076,14,Stephen F. Austin,0.38,112.2,111.32,0.4973,0.4819,0.1933,0.2701,19,12,0.3563,0.3537,Texas Tech
2018,1,7,Arkansas,11.62,115.5,103.87,0.6835,0.5094,0.1608,0.2614,21,7,0.3341,0.3356,10,Butler,7.9,113.87,106.17,0.6055,0.4998,0.1681,0.3117,23,12,0.3573,0.3343,Butler
2018,1,2,Purdue,24.13,121.64,96.81,0.8808,0.5404,0.1568,0.2827,28,3,0.3743,0.2906,15,Cal State Fullerton,-2.25,109.92,111.2,0.4724,0.5113,0.1783,0.3276,20,14,0.3564,0.3191,Purdue
2018,2,1,Villanova,31.8,122.81,90.84,0.98,0.5739,0.158,0.2626,32,5,0.3763,0.28,9,Alabama,8.41,114.13,105.04,0.6351,0.5037,0.1749,0.3081,21,9,0.3435,0.3341,Villanova
2018,2,5,West Virginia,19.89,120.22,100.57,0.782,0.5351,0.1791,0.2835,27,6,0.3513,0.2832,13,Marshall,3.19,109.35,105.25,0.5351,0.5112,0.1794,0.2671,19,13,0.3371,0.3202,West Virginia
2018,2,6,Florida,13.33,112.82,98.5,0.7062,0.5276,0.1707,0.3394,24,8,0.327,0.3375,3,Texas Tech,24.32,118.83,94.93,0.8769,0.5625,0.1707,0.3027,27,4,0.3399,0.3076,Texas Tech
2018,2,10,Butler,7.9,113.87,106.17,0.6055,0.4998,0.1681,0.3117,23,12,0.3573,0.3343,2,Purdue,24.13,121.64,96.81,0.8808,0.5404,0.1568,0.2827,28,3,0.3743,0.2906,Purdue
2018,3,1,Villanova,31.8,122.81,90.84,0.98,0.5739,0.158,0.2626,32,5,0.3763,0.28,5,West Virginia,19.89,120.22,100.57,0.782,0.5351,0.1791,0.2835,27,6,0.3513,0.2832,Villanova
2018,3,3,Texas Tech,24.32,118.83,94.93,0.8769,0.5625,0.1707,0.3027,27,4,0.3399,0.3076,2,Purdue,24.13,121.64,96.81,0.8808,0.5404,0.1568,0.2827,28,3,0.3743,0.2906,Texas Tech
2018,4,1,Villanova,31.8,122.81,90.84,0.98,0.5739,0.158,0.2626,32,5,0.3763,0.28,3,Texas Tech,24.32,118.83,94.93,0.8769,0.5625,0.1707,0.3027,27,4,0.3399,0.3076,Villanova
2018,1,1,Kansas,28.09,122.9,94.23,0.9206,0.5637,0.14,0.3085,30,3,0.3542,0.3091,16,Pennsylvania,-2.67,106.23,108.78,0.4464,0.4757,0.1803,0.3017,16,18,0.3619,0.3198,Kansas
2018,1,8,Seton Hall,10.75,117.1,105.84,0.6444,0.5149,0.1817,0.3154,21,8,0.358,0.3087,9,North Carolina State,12.88,115.51,103.0,0.6792,0.5356,0.1484,0.3216,24,8,0.3657,0.3128,Seton Hall
2018,1,5,Clemson,16.84,114.01,98.1,0.7462,0.5354,0.1459,0.2908,23,9,0.3824,0.2889,12,New Mexico State,4.48,114.0,110.02,0.5543,0.5234,0.1826,0.2931,24,10,0.3325,0.3082,Clemson
2018,1,4,Auburn,16.78,116.64,99.4,0.7581,0.5266,0.1548,0.3051,24,9,0.3705,0.3009,13,Charleston,4.5,112.54,107.83,0.5717,0.497,0.1933,0.2812,19,12,0.3538,0.3059,Auburn
2018,1,6,TCU,13.22,113.26,99.2,0.6806,0.535,0.1471,0.3186,24,8,0.3795,0.3369,11,Syracuse,5.9,110.45,104.61,0.5797,0.5043,0.1739,0.267,22,10,0.3368,0.2963,Syracuse
2018,1,3,Michigan State,24.38,119.64,95.76,0.8581,0.5641,0.1605,0.3114,25,8,0.3452,0.3156,14,Bucknell,0.66,109.38,109.4,0.4973,0.4852,0.192,0.3311,18,11,0.3426,0.3248,Michigan State
2018,1,7,Rhode Island,12.32,114.36,102.1,0.6813,0.521,0.1489,0.276,21,8,0.3496,0.3312,10,Oklahoma,10.22,115.16,105.91,0.6421,0.5164,0.1841,0.3229,21,8,0.3769,0.3184,Oklahoma
2018,1,2,Duke,22.92,118.31,94.62,0.8378,0.5597,0.1756,0.3245,26,4,0.3886,0.3299,15,Iona,-2.35,107.45,110.38,0.4753,0.5112,0.1674,0.3263,21,12,0.3668,0.3321,Duke
2018,2,1,Kansas,28.09,122.9,94.23,0.9206,0.5637,0.14,0.3085,30,3,0.3542,0.3091,8,Seton Hall,10.75,117.1,105.84,0.6444,0.5149,0.1817,0.3154,21,8,0.358,0.3087,Kansas
2018,2,5,Clemson,16.84,114.01,98.1,0.7462,0.5354,0.1459,0.2908,23,9,0.3824,0.2889,4,Auburn,16.78,116.64,99.4,0.7581,0.5266,0.1548,0.3051,24,9,0.3705,0.3009,Clemson
2018,2,11,Syracuse,5.9,110.45,104.61,0.5797,0.5043,0.1739,0.267,22,10,0.3368,0.2963,3,Michigan State,24.38,119.64,95.76,0.8581,0.5641,0.1605,0.3114,25,8,0.3452,0.3156,Syracuse
2018,2,10,Oklahoma,10.22,115.16,105.91,0.6421,0.5164,0.1841,0.3229,21,8,0.3769,0.3184,2,Duke,22.92,118.31,94.62,0.8378,0.5597,0.1756,0.3245,26,4,0.3886,0.3299,Duke
2018,3,1,Kansas,28.09,122.9,94.23,0.9206,0.5637,0.14,0.3085,30,3,0.3542,0.3091,5,Clemson,16.84,114.01,98.1,0.7462,0.5354,0.1459,0.2908,23,9,0.3824,0.2889,Kansas
2018,3,11,Syracuse,5.9,110.45,104.61,0.5797,0.5043,0.1739,0.267,22,10,0.3368,0.2963,2,Duke,22.92,118.31,94.62,0.8378,0.5597,0.1756,0.3245,26,4,0.3886,0.3299,Duke
2018,4,1,Kansas,28.09,122.9,94.23,0.9206,0.5637,0.14,0.3085,30,3,0.3542,0.3091,2,Duke,22.92,118.31,94.62,0.8378,0.5597,0.1756,0.3245,26,4,0.3886,0.3299,Kansas
2018,5,1,Villanova,31.8,122.81,90.84,0.98,0.5739,0.158,0.2626,32,5,0.3763,0.28,1,Kansas,28.09,122.9,94.23,0.9206,0.5637,0.14,0.3085,30,3,0.3542,0.3091,Villanova
2018,5,11,Loyola Chicago,10.92,112.23,101.93,0.6748,0.5087,0.176,0.293,20,11,0.362,0.3299,3,Michigan,21.36,118.59,96.31,0.8153,0.528,0.14,0.2668,29,7,0.3522,0.3029,Michigan
2018,6,1,Villanova,31.8,122.81,90.84,0.98,0.5739,0.158,0.2626,32,5,0.3763,0.28,3,Michigan,21.36,118.59,96.31,0.8153,0.528,0.14,0.2668,29,7,0.3522,0.3029,Villanova
2019,1,1,Virginia,29.58,122.83,92.33,0.9246,0.5553,0.1697,0.3012,31,3,0.3763,0.3141,16,Gardner-Webb,-3.43,108.96,113.15,0.4439,0.4796,0.1672,0.3012,19,14,0.3129,0.359,Virginia
2019,1,8,Ole Miss,8.5,112.18,103.76,0.6436,0.5265,0.1842,0.3277,22,8,0.3617,0.3187,9,Oklahoma,7.77,111.57,103.88,0.6328,0.5296,0.1794,0.3188,20,9,0.3477,0.3461,Oklahoma
2019,1,5,Wisconsin,18.62,116.94,99.03,0.7887,0.5513,0.1623,0.2689,25,8,0.3578,0.2957,12,Oregon,5.51,114.24,107.81,0.5857,0.5095,0.1757,0.3081,21,9,0.3616,0.3315,Oregon
2019,1,4,Kansas State,20.87,119.65,98.45,0.816,0.5528,0.1656,0.2766,26,6,0.334,0.315,13,UC Irvine,5.06,110.95,106.0,0.5816,0.5099,0.1864,0.2831,22,13,0.3367,0.3168,Kansas State
2019,1,6,Villanova,17.5,117.84,99.74,0.7548,0.535,0.1736,0.2732,24,9,0.3321,0.2965,11,Saint Mary's,9.78,116.44,105.94,0.6443,0.5108,0.1727,0.2633,20,12,0.3479,0.3094,Villanova
2019,1,3,Purdue,21.72,121.38,98.85,0.8157,0.5391,0.1463,0.3344,25,8,0.3499,0.3222,14,Old Dominion,2.03,111.15,108.89,0.5187,0.4975,0.1793,0.3093,20,13,0.3382,0.3379,Purdue
2019,1,7,Cincinnati,13.01,112.26,98.76,0.684,0.518,0.1562,0.2839,23,6,0.3467,0.2916,10,Iowa,11.36,112.42,101.07,0.6878,0.5135,0.1641,0.2829,19,9,0.3616,0.3358,Cincinnati
2019,1,2,Tennessee,26.4,123.3,96.35,0.9049,0.5669,0.1609,0.2624,28,5,0.3818,0.3319,15,Colgate,-1.02,112.45,114.37,0.4831,0.5071,0.1883,0.2855,21,15,0.328,0.3243,Tennessee
2019,2,1,Virginia,29.58,122.83,92.33,0.9246,0.5553,0.1697,0.3012,31,3,0.3763,0.3141,9,Oklahoma,7.77,111.57,103.88,0.6328,0.5296,0.1794,0.3188,20,9,0.3477,0.3461,Virginia
2019,2,12,Oregon,5.51,114.24,107.81,0.5857,0.5095,0.1757,0.3081,21,9,0.3616,0.3315,4,Kansas State,20.87,119.65,98.45,0.816,0.5528,0.1656,0.2766,26,6,0.334,0.315,Oregon
2019,2,6,Villanova,17.5,117.84,99.74,0.7548,0.535,0.1736,0.2732,24,9,0.3321,0.2965,3,Purdue,21.72,121.38,98.85,0.8157,0.5391,0.1463,0.3344,25,8,0.3499,0.3222,Purdue
2019,2,7,Cincinnati,13.01,112.26,98.76,0.684,0.518,0.1562,0.2839,23,6,0.3467,0.2916,2,Tennessee,26.4,123.3,96.35,0.9049,0.5669,0.1609,0.2624,28,5,0.3818,0.3319,Tennessee
2019,3,1,Virginia,29.58,122.83,92.33,0.9246,0.5553,0.1697,0.3012,31,3,0.3763,0.3141,12,Oregon,5.51,114.24,107.81,0.5857,0.5095,0.1757,0.3081,21,9,0.3616,0.3315,Virginia
2019,3,3,Purdue,21.72,121.38,98.85,0.8157,0.5391,0.1463,0.3344,25,8,0.3499,0.3222,2,Tennessee,26.4,123.3,96.35,0.9049,0.5669,0.1609,0.2624,28,5,0.3818,0.3319,Purdue
2019,4,1,Virginia,29.58,122.83,92.33,0.9246,0.5553,0.1697,0.3012,31,3,0.3763,0.3141,3,Purdue,21.72,121.38,98.85,0.8157,0.5391,0.1463,0.3344,25,8,0.3499,0.3222,Virginia
2019,1,1,Gonzaga,30.01,119.7,89.38,0.9537,0.5518,0.14,0.3298,33,3,0.382,0.3185,16,Fairleigh Dickinson,-2.06,106.44,108.97,0.4786,0.4852,0.1933,0.272,16,14,0.3509,0.3425,Gonzaga
2019,1,8,Syracuse,9.63,113.11,103.77,0.6363,0.5339,0.1558,0.2912,24,8,0.355,0.3048,9,Baylor,10.2,112.49,102.92,0.6462,0.5256,0.153,0.2707,24,10,0.3578,0.3103,Baylor
2019,1,5,Marquette,18.92,119.09,99.62,0.7656,0.5362,0.1644,0.3141,25,6,0.3525,0.3405,12,Murray State,5.7,114.24,108.73,0.5974,0.521,0.1941,0.3253,24,8,0.3457,0.3307,Murray State
2019,1,4,Florida State,21.65,119.02,97.75,0.816,0.5385,0.1469,0.2765,26,6,0.3369,0.2939,13,Vermont,7.94,110.62,102.69,0.6286,0.5264,0.1589,0.2899,20,9,0.349,0.3368,Florida State
2019,1,6,Buffalo,15.94,116.0,100.26,0.7209,0.5308,0.149,0.3063,22,7,0.336,0.2938,11,Arizona State,5.14,115.04,109.25,0.5669,0.5018,0.1714,0.2933,21,11,0.3423,0.3035,Buffalo
2019,1,3,Texas Tech,19.38,120.4,100.63,0.7839,0.5332,0.1685,0.2868,27,5,0.35,0.3128,14,Northern Kentucky,4.73,113.06,108.4,0.5509,0.5127,0.1885,0.3112,22,14,0.3273,0.3481,Texas Tech
2019,1,7,Nevada,12.11,116.75,104.12,0.7008,0.5238,0.1839,0.3091,21,9,0.3452,0.3356,10,Florida,10.82,117.24,106.32,0.6558,0.5357,0.1691,0.2697,20,9,0.3334,0.3227,Florida
2019,1,2,Michigan,23.94,116.96,93.61,0.8578,0.5424,0.1541,0.3248,29,5,0.3614,0.2995,15,Montana,2.22,113.29,110.87,0.5197,0.5224,0.1836,0.3133,18,14,0.339,0.3229,Michigan
2019,2,1,Gonzaga,30.01,119.7,89.38,0.9537,0.5518,0.14,0.3298,33,3,0.382,0.3185,9,Baylor,10.2,112.49,102.92,0.6462,0.5256,0.153,0.2707,24,10,0.3578,0.3103,Gonzaga
2019,2,12,Murray State,5.7,114.24,108.73,0.5974,0.521,0.1941,0.3253,24,8,0.3457,0.3307,4,Florida State,21.65,119.02,97.75,0.816,0.5385,0.1469,0.2765,26,6,0.3369,0.2939,Florida State
2019,2,6,Buffalo,15.94,116.0,100.26,0.7209,0.5308,0.149,0.3063,22,7,0.336,0.2938,3,Texas Tech,19.38,120.4,100.63,0.7839,0.5332,0.1685,0.2868,27,5,0.35,0.3128,Texas Tech
2019,2,10,Florida,10.82,117.24,106.32,0.6558,0.5357,0.1691,0.2697,20,9,0.3334,0.3227,2,Michigan,23.94,116.96,93.61,0.8578,0.5424,0.1541,0.3248,29,5,0.3614,0.2995,Michigan
2019,3,1,Gonzaga,30.01,119.7,89.38,0.9537,0.5518,0.14,0.3298,33,3,0.382,0.3185,4,Florida State,21.65,119.02,97.75,0.816,0.5385,0.1469,0.2765,26,6,0.3369,0.2939,Gonzaga
2019,3,3,Texas Tech,19.38,120.4,100.63,0.7839,0.5332,0.1685,0.2868,27,5,0.35,0.3128,2,Michigan,23.94,116.96,93.61,0.8578,0.5424,0.1541,0.3248,29,5,0.3614,0.2995,Texas Tech
2019,4,1,Gonzaga,30.01,119.7,89.38,0.9537,0.5518,0.14,0.3298,33,3,0.382,0.3185,3,Texas Tech,19.38,120.4,100.63,0.7839,0.5332,0.1685,0.2868,27,5,0.35,0.3128,Texas Tech
2019,1,1,Duke,27.38,120.41,93.63,0.9285,0.5513,0.14,0.2842,29,2,0.3453,0.313,16,North Dakota State,-5.0,105.3,109.58,0.4301,0.4978,0.2036,0.2889,19,15,0.3545,0.3524,Duke
2019,1,8,VCU,12.61,117.3,104.42,0.7045,0.5066,0.1497,0.2703,20,9,0.3683,0.3196,9,UCF,9.65,116.28,107.55,0.6575,0.5204,0.1624,0.3069,21,8,0.3714,0.3018,UCF
2019,1,5,Mississippi State,19.81,120.27,100.5,0.8074,0.5327,0.1559,0.3047,25,6,0.3732,0.3049,12,Liberty,4.98,109.17,104.41,0.5935,0.504,0.1654,0.2977,23,11,0.3551,0.3435,Mississippi State
2019,1,4,Virginia Tech,21.3,119.49,97.43,0.8008,0.5625,0.1587,0.2942,26,7,0.3649,0.3174,13,Saint Louis,5.79,109.74,103.12,0.5691,0.5116,0.1904,0.3185,20,9,0.3506,0.3198,Virginia Tech
2019,1,6,Maryland,14.5,117.61,102.68,0.7029,0.5281,0.1581,0.3221,24,10,0.3414,0.3453,11,Belmont,6.75,109.71,102.63,0.616,0.526,0.1852,0.3348,23,9,0.3485,0.3246,Maryland
2019,1,3,LSU,24.31,119.17,93.9,0.8486,0.5675,0.14,0.3046,26,7,0.3388,0.2958,14,Yale,2.27,109.84,108.23,0.5338,0.4972,0.1829,0.3065,18,13,0.3165,0.3348,LSU
2019,1,7,Louisville,13.75,115.45,101.06,0.7019,0.5197,0.159,0.3232,23,8,0.378,0.3006,10,Minnesota,9.38,112.03,101.73,0.6415,0.5084,0.1853,0.2646,22,12,0.3309,0.3267,Minnesota
2019,1,2,Michigan State,22.88,121.95,99.25,0.854,0.5362,0.1555,0.3196,29,7,0.3833,0.3304,15,Bradley,2.73,111.56,109.64,0.5549,0.518,0.1962,0.3351,20,12,0.3315,0.347,Michigan State
2019,2,1,Duke,27.38,120.41,93.63,0.9285,0.5513,0.14,0.2842,29,2,0.3453,0.313,9,UCF,9.65,116.28,107.55,0.6575,0.5204,0.1624,0.3069,21,8,0.3714,0.3018,Duke
2019,2,5,Mississippi State,19.81,120.27,100.5,0.8074,0.5327,0.1559,0.3047,25,6,0.3732,0.3049,4,Virginia Tech,21.3,119.49,97.43,0.8008,0.5625,0.1587,0.2942,26,7,0.3649,0.3174,Virginia Tech
2019,2,6,Maryland,14.5,117.61,102.68,0.7029,0.5281,0.1581,0.3221,24,10,0.3414,0.3453,3,LSU,24.31,119.17,93.9,0.8486,0.5675,0.14,0.3046,26,7,0.3388,0.2958,LSU
2019,2,10,Minnesota,9.38,112.03,101.73,0.6415,0.5084,0.1853,0.2646,22,12,0.3309,0.3267,2,Michigan State,22.88,121.95,99.25,0.854,0.5362,0.1555,0.3196,29,7,0.3833,0.3304,Michigan State
2019,3,1,Duke,27.38,120.41,93.63,0.9285,0.5513,0.14,0.2842,29,2,0.3453,0.313,4,Virginia Tech,21.3,119.49,97.43,0.8008,0.5625,0.1587,0.2942,26,7,0.3649,0.3174,Duke
2019,3,3,LSU,24.31,119.17,93.9,0.8486,0.5675,0.14,0.3046,26,7,0.3388,0.2958,2,Michigan State,22.88,121.95,99.25,0.854,0.5362,0.1555,0.3196,29,7,0.3833,0.3304,Michigan State
2019,4,1,Duke,27.38,120.41,93.63,0.9285,0.5513,0.14,0.2842,29,2,0.3453,0.313,2,Michigan State,22.88,121.95,99.25,0.854,0.5362,0.1555,0.3196,29,7,0.3833,0.3304,Michigan State
2019,1,1,North Carolina,31.61,123.18,91.02,0.9748,0.5745,0.1645,0.3359,33,2,0.3524,0.3003,16,Iona,-1.35,109.44,111.1,0.4758,0.5083,0.1633,0.2616,17,18,0.324,0.308,North Carolina
2019,1,8,Utah State,12.0,116.34,104.61,0.6848,0.5041,0.1773,0.2837,22,9,0.3813,0.2937,9,Washington,8.91,113.08,105.04,0.6248,0.5127,0.1859,0.3287,22,9,0.3771,0.3435,Washington
2019,1,5,Auburn,19.89,117.67,97.82,0.8184,0.5477,0.1471,0.311,27,7,0.374,0.3158,12,New Mexico State,7.33,114.3,106.75,0.5962,0.5101,0.19,0.2707,24,9,0.3598,0.3451,Auburn
2019,1,4,Kansas,18.29,118.07,99.73,0.7929,0.5496,0.1804,0.2717,27,7,0.3799,0.3393,13,Northeastern,2.53,111.64,109.58,0.5277,0.5018,0.1588,0.2943,20,13,0.3479,0.3214,Kansas
2019,1,6,Iowa State,16.44,117.09,100.63,0.7421,0.5458,0.1764,0.3254,25,7,0.3288,0.3293,11,Ohio State,10.12,116.14,105.2,0.638,0.5089,0.1886,0.2665,19,13,0.3224,0.3346,Iowa State
2019,1,3,Houston,20.37,118.1,98.37,0.7921,0.5597,0.1601,0.3174,26,7,0.3763,0.3166,14,Georgia State,4.41,110.71,106.21,0.5576,0.4978,0.1913,0.3237,19,15,0.3353,0.3329,Houston
2019,1,7,Wofford,11.5,116.68,104.29,0.6551,0.5356,0.1727,0.2696,21,7,0.3418,0.3174,10,Seton Hall,9.16,114.81,105.23,0.6225,0.5287,0.1823,0.2658,20,10,0.3445,0.345,Wofford
2019,1,2,Kentucky,23.23,121.27,97.14,0.8593,0.5645,0.1608,0.2973,28,3,0.3515,0.3116,15,Abilene Christian,1.31,111.28,109.08,0.5184,0.5097,0.1671,0.3125,17,16,0.3139,0.3302,Kentucky
2019,2,1,North Carolina,31.61,123.18,91.02,0.9748,0.5745,0.1645,0.3359,33,2,0.3524,0.3003,9,Washington,8.91,113.08,105.04,0.6248,0.5127,0.1859,0.3287,22,9,0.3771,0.3435,North Carolina
2019,2,5,Auburn,19.89,117.67,97.82,0.8184,0.5477,0.1471,0.311,27,7,0.374,0.3158,4,Kansas,18.29,118.07,99.73,0.7929,0.5496,0.1804,0.2717,27,7,0.3799,0.3393,Auburn
2019,2,6,Iowa State,16.44,117.09,100.63,0.7421,0.5458,0.1764,0.3254,25,7,0.3288,0.3293,3,Houston,20.37,118.1,98.37,0.7921,0.5597,0.1601,0.3174,26,7,0.3763,0.3166,Houston
2019,2,7,Wofford,11.5,116.68,104.29,0.6551,0.5356,0.1727,0.2696,21,7,0.3418,0.3174,2,Kentucky,23.23,121.27,97.14,0.8593,0.5645,0.1608,0.2973,28,3,0.3515,0.3116,Kentucky
2019,3,1,North Carolina,31.61,123.18,91.02,0.9748,0.5745,0.1645,0.3359,33,2,0.3524,0.3003,5,Auburn,19.89,117.67,97.82,0.8184,0.5477,0.1471,0.311,27,7,0.374,0.3158,Auburn
2019,3,3,Houston,20.37,118.1,98.37,0.7921,0.5597,0.1601,0.3174,26,7,0.3763,0.3166,2,Kentucky,23.23,121.27,97.14,0.8593,0.5645,0.1608,0.2973,28,3,0.3515,0.3116,Kentucky
2019,4,5,Auburn,19.89,117.67,97.82,0.8184,0.5477,0.1471,0.311,27,7,0.374,0.3158,2,Kentucky,23.23,121.27,97.14,0.8593,0.5645,0.1608,0.2973,28,3,0.3515,0.3116,Auburn
2019,5,1,Virginia,29.58,122.83,92.33,0.9246,0.5553,0.1697,0.3012,31,3,0.3763,0.3141,5,Auburn,19.89,117.67,97.82,0.8184,0.5477,0.1471,0.311,27,7,0.374,0.3158,Virginia
2019,5,3,Texas Tech,19.38,120.4,100.63,0.7839,0.5332,0.1685,0.2868,27,5,0.35,0.3128,2,Michigan State,22.88,121.95,99.25,0.854,0.5362,0.1555,0.3196,29,7,0.3833,0.3304,Texas Tech
2019,6,1,Virginia,29.58,122.83,92.33,0.9246,0.5553,0.1697,0.3012,31,3,0.3763,0.3141,3,Texas Tech,19.38,120.4,100.63,0.7839,0.5332,0.1685,0.2868,27,5,0.35,0.3128,Virginia
2021,1,1,Baylor,30.66,122.32,91.96,0.9649,0.5736,0.1622,0.2794,31,4,0.3457,0.2861,16,Hartford,-0.78,111.97,113.28,0.4696,0.4891,0.1872,0.2614,16,17,0.3496,0.3339,Baylor
2021,1,8,North Carolina,9.16,112.07,103.67,0.6483,0.5196,0.1606,0.3209,24,7,0.3739,0.3307,9,Wisconsin,9.67,116.33,107.47,0.6605,0.5139,0.1678,0.3248,24,8,0.3284,0.3051,Wisconsin
2021,1,5,Villanova,15.18,117.09,102.51,0.7259,0.5303,0.147,0.2948,24,8,0.3298,0.2919,12,Winthrop,6.63,110.12,102.98,0.6131,0.5256,0.1815,0.3066,22,11,0.371,0.3372,Villanova
2021,1,4,Purdue,20.29,116.15,96.84,0.8052,0.5275,0.1684,0.2781,24,6,0.3607,0.3301,13,North Texas,4.94,111.16,107.12,0.5723,0.5001,0.1588,0.3313,23,10,0.3365,0.3522,Purdue
2021,1,6,Texas Tech,15.67,118.69,102.21,0.7494,0.5428,0.1581,0.2817,26,9,0.361,0.3115,11,Utah State,5.19,114.27,108.8,0.583,0.4932,0.1832,0.2671,19,13,0.3746,0.3353,Texas Tech
2021,1,3,Arkansas,24.8,121.43,97.32,0.8678,0.5513,0.1748,0.2987,25,5,0.3877,0.3166,14,Colgate,0.64,110.8,110.21,0.5254,0.497,0.1742,0.317,20,11,0.3497,0.3354,Arkansas
2021,1,7,Florida,12.59,118.03,105.62,0.6714,0.5212,0.1782,0.3292,25,10,0.3553,0.3104,10,Virginia Tech,9.08,112.99,102.99,0.652,0.5355,0.156,0.2651,19,12,0.3593,0.3499,Florida
2021,1,2,Ohio State,25.98,119.53,94.22,0.9006,0.5599,0.14,0.2656,30,3,0.3904,0.3155,15,Oral Roberts,-2.48,110.91,113.24,0.4581,0.4789,0.1785,0.2838,21,16,0.3383,0.3063,Oral Roberts
2021,2,1,Baylor,30.66,122.32,91.96,0.9649,0.5736,0.1622,0.2794,31,4,0.3457,0.2861,9,Wisconsin,9.67,116.33,107.47,0.6605,0.5139,0.1678,0.3248,24,8,0.3284,0.3051,Baylor
2021,2,5,Villanova,15.18,117.09,102.51,0.7259,0.5303,0.147,0.2948,24,8,0.3298,0.2919,4,Purdue,20.29,116.15,96.84,0.8052,0.5275,0.1684,0.2781,24,6,0.3607,0.3301,Villanova
2021,2,6,Texas Tech,15.67,118.69,102.21,0.7494,0.5428,0.1581,0.2817,26,9,0.361,0.3115,3,Arkansas,24.8,121.43,97.32,0.8678,0.5513,0.1748,0.2987,25,5,0.3877,0.3166,Arkansas
2021,2,7,Florida,12.59,118.03,105.62,0.6714,0.5212,0.1782,0.3292,25,10,0.3553,0.3104,15,Oral Roberts,-2.48,110.91,113.24,0.4581,0.4789,0.1785,0.2838,21,16,0.3383,0.3063,Oral Roberts
2021,3,1,Baylor,30.66,122.32,91.96,0.9649,0.5736,0.1622,0.2794,31,4,0.3457,0.2861,5,Villanova,15.18,117.09,102.51,0.7259,0.5303,0.147,0.2948,24,8,0.3298,0.2919,Baylor
2021,3,3,Arkansas,24.8,121.43,97.32,0.8678,0.5513,0.1748,0.2987,25,5,0.3877,0.3166,15,Oral Roberts,-2.48,110.91,113.24,0.4581,0.4789,0.1785,0.2838,21,16,0.3383,0.3063,Arkansas
2021,4,1,Baylor,30.66,122.32,91.96,0.9649,0.5736,0.1622,0.2794,31,4,0.3457,0.2861,3,Arkansas,24.8,121.43,97.32,0.8678,0.5513,0.1748,0.2987,25,5,0.3877,0.3166,Baylor
2021,1,1,Gonzaga,28.44,121.69,92.74,0.9227,0.538,0.14,0.319,29,5,0.3627,0.2853,16,Norfolk State,-5.52,109.79,115.59,0.4025,0.5055,0.18,0.2918,19,18,0.3594,0.3457,Gonzaga
2021,1,8,Oklahoma,10.18,111.78,101.24,0.6494,0.5012,0.1879,0.2814,20,11,0.3558,0.3355,9,Missouri,11.33,112.47,101.79,0.6584,0.522,0.1746,0.3235,22,8,0.3564,0.3353,Missouri
2021,1,5,Creighton,19.07,117.65,99.48,0.7969,0.553,0.1696,0.3008,25,6,0.338,0.3175,12,UC Santa Barbara,7.18,115.73,109.44,0.6141,0.4994,0.1901,0.3299,20,12,0.334,0.2978,Creighton
2021,1,4,Virginia,19.32,115.36,95.61,0.7747,0.5215,0.1753,0.3275,25,7,0.3644,0.301,13,Ohio,4.47,113.08,109.55,0.5612,0.5232,0.1642,0.3296,20,12,0.3459,0.3407,Virginia
2021,1,6,USC,15.61,115.75,99.76,0.7205,0.5253,0.1487,0.3168,22,7,0.3678,0.296,11,Drake,9.68,116.69,107.29,0.65,0.501,0.1796,0.3186,19,13,0.3217,0.3462,USC
2021,1,3,Kansas,19.1,114.79,95.87,0.7927,0.5234,0.1763,0.3304,28,7,0.3361,0.3096,14,Eastern Washington,4.69,111.92,108.03,0.5669,0.4986,0.1612,0.3144,21,12,0.3182,0.301,Kansas
2021,1,7,Oregon,10.14,112.73,102.39,0.6583,0.5184,0.1558,0.2858,21,6,0.3501,0.3056,10,VCU,8.01,110.47,101.97,0.6021,0.5152,0.1618,0.268,21,12,0.3659,0.3172,Oregon
2021,1,2,Iowa,22.3,120.64,98.72,0.8223,0.5302,0.1645,0.2963,26,5,0.3449,0.2814,15,Grand Canyon,2.53,108.27,106.39,0.5299,0.5092,0.1922,0.3301,19,13,0.3438,0.2986,Iowa
2021,2,1,Gonzaga,28.44,121.69,92.74,0.9227,0.538,0.14,0.319,29,5,0.3627,0.2853,9,Missouri,11.33,112.47,101.79,0.6584,0.522,0.1746,0.3235,22,8,0.3564,0.3353,Gonzaga
2021,2,5,Creighton,19.07,117.65,99.48,0.7969,0.553,0.1696,0.3008,25,6,0.338,0.3175,4,Virginia,19.32,115.36,95.61,0.7747,0.5215,0.1753,0.3275,25,7,0.3644,0.301,Creighton
2021,2,6,USC,15.61,115.75,99.76,0.7205,0.5253,0.1487,0.3168,22,7,0.3678,0.296,3,Kansas,19.1,114.79,95.87,0.7927,0.5234,0.1763,0.3304,28,7,0.3361,0.3096,USC
2021,2,7,Oregon,10.14,112.73,102.39,0.6583,0.5184,0.1558,0.2858,21,6,0.3501,0.3056,2,Iowa,22.3,120.64,98.72,0.8223,0.5302,0.1645,0.2963,26,5,0.3449,0.2814,Oregon
2021,3,1,Gonzaga,28.44,121.69,92.74,0.9227,0.538,0.14,0.319,29,5,0.3627,0.2853,5,Creighton,19.07,117.65,99.48,0.7969,0.553,0.1696,0.3008,25,6,0.338,0.3175,Gonzaga
2021,3,6,USC,15.61,115.75,99.76,0.7205,0.5253,0.1487,0.3168,22,7,0.3678,0.296,7,Oregon,10.14,112.73,102.39,0.6583,0.5184,0.1558,0.2858,21,6,0.3501,0.3056,USC
2021,4,1,Gonzaga,28.44,121.69,92.74,0.9227,0.538,0.14,0.319,29,5,0.3627,0.2853,6,USC,15.61,115.75,99.76,0.7205,0.5253,0.1487,0.3168,22,7,0.3678,0.296,Gonzaga
2021,1,1,Michigan,27.26,119.09,92.8,0.9214,0.538,0.1623,0.2704,32,3,0.3394,0.289,16,Texas Southern,-2.29,106.76,109.55,0.4583,0.4887,0.1851,0.3168,19,17,0.3137,0.3369,Michigan
2021,1,8,LSU,8.29,116.12,108.51,0.6187,0.5014,0.175,0.2667,24,8,0.3218,0.3207,9,St. Bonaventure,10.81,111.58,100.85,0.6635,0.5359,0.1772,0.3014,22,8,0.3486,0.2893,LSU
2021,1,5,Colorado,17.49,115.96,98.87,0.7437,0.5541,0.1595,0.3068,23,8,0.352,0.3179,12,Georgetown,9.55,113.94,104.96,0.6336,0.504,0.1606,0.3335,20,12,0.3459,0.3014,Colorado
2021,1,4,Florida State,16.03,118.97,102.03,0.743,0.5429,0.1697,0.3278,26,9,0.3823,0.2937,13,UNC Greensboro,7.14,111.53,103.94,0.5951,0.5042,0.1657,0.2818,23,11,0.3457,0.337,Florida State
2021,1,6,BYU,16.04,119.31,102.41,0.7344,0.5465,0.1697,0.2691,26,8,0.3783,0.3113,11,UCLA,8.55,113.43,104.4,0.6373,0.5268,0.1903,0.3374,21,10,0.3231,0.3472,UCLA
2021,1,3,Texas,23.77,118.96,95.76,0.8525,0.5626,0.1692,0.2738,29,6,0.3783,0.2934,14,Abilene Christian,1.46,108.25,105.84,0.5363,0.5223,0.1682,0.3079,18,14,0.3313,0.3462,Abilene Christian
2021,1,7,Connecticut,12.09,113.69,101.79,0.6773,0.5274,0.1647,0.2795,23,7,0.3342,0.3204,10,Maryland,6.99,113.45,105.53,0.6011,0.512,0.1654,0.2963,22,8,0.3274,0.3458,Connecticut
2021,1,2,Alabama,26.47,118.84,92.53,0.8816,0.5583,0.1435,0.2915,27,6,0.3873,0.2989,15,Iona,2.49,108.94,106.22,0.5284,0.4916,0.1793,0.2756,17,14,0.3193,0.3259,Alabama
2021,2,1,Michigan,27.26,119.09,92.8,0.9214,0.538,0.1623,0.2704,32,3,0.3394,0.289,8,LSU,8.29,116.12,108.51,0.6187,0.5014,0.175,0.2667,24,8,0.3218,0.3207,Michigan
2021,2,5,Colorado,17.49,115.96,98.87,0.7437,0.5541,0.1595,0.3068,23,8,0.352,0.3179,4,Florida State,16.03,118.97,102.03,0.743,0.5429,0.1697,0.3278,26,9,0.3823,0.2937,Florida State
2021,2,11,UCLA,8.55,113.43,104.4,0.6373,0.5268,0.1903,0.3374,21,10,0.3231,0.3472,14,Abilene Christian,1.46,108.25,105.84,0.5363,0.5223,0.1682,0.3079,18,14,0.3313,0.3462,UCLA
2021,2,7,Connecticut,12.09,113.69,101.79,0.6773,0.5274,0.1647,0.2795,23,7,0.3342,0.3204,2,Alabama,26.47,118.84,92.53,0.8816,0.5583,0.1435,0.2915,27,6,0.3873,0.2989,Alabama
2021,3,1,Michigan,27.26,119.09,92.8,0.9214,0.538,0.1623,0.2704,32,3,0.3394,0.289,4,Florida State,16.03,118.97,102.03,0.743,0.5429,0.1697,0.3278,26,9,0.3823,0.2937,Michigan
2021,3,11,UCLA,8.55,113.43,104.4,0.6373,0.5268,0.1903,0.3374,21,10,0.3231,0.3472,2,Alabama,26.47,118.84,92.53,0.8816,0.5583,0.1435,0.2915,27,6,0.3873,0.2989,UCLA
2021,4,1,Michigan,27.26,119.09,92.8,0.9214,0.538,0.1623,0.2704,32,3,0.3394,0.289,11,UCLA,8.55,113.43,104.4,0.6373,0.5268,0.1903,0.3374,21,10,0.3231,0.3472,UCLA
2021,1,1,Illinois,28.94,120.69,91.72,0.9328,0.5397,0.1417,0.2785,30,5,0.3628,0.2913,16,Drexel,-1.47,110.14,111.36,0.461,0.5132,0.1985,0.328,16,18,0.3118,0.3414,Illinois
2021,1,8,Loyola Chicago,11.78,115.87,104.67,0.6843,0.5422,0.1639,0.2908,21,8,0.3306,0.2922,9,Georgia Tech,11.56,115.66,103.87,0.6572,0.5204,0.1687,0.3269,20,9,0.3295,0.3189,Loyola Chicago
2021,1,5,Tennessee,14.26,118.11,104.06,0.7285,0.5284,0.1581,0.3277,24,8,0.3293,0.292,12,Oregon State,6.51,110.99,105.11,0.6026,0.4955,0.1851,0.328,23,11,0.3279,0.351,Oregon State
2021,1,4,Oklahoma State,17.52,114.12,95.77,0.7642,0.5229,0.1752,0.2818,25,8,0.3445,0.2957,13,Liberty,5.86,110.71,103.92,0.5795,0.5082,0.1554,0.2993,19,10,0.3463,0.3526,Oklahoma State
2021,1,6,San Diego State,14.45,115.73,100.68,0.7142,0.5228,0.1582,0.2922,22,6,0.33,0.3051,11,Syracuse,6.4,115.38,108.29,0.5887,0.4967,0.1555,0.2859,19,10,0.3286,0.3265,Syracuse
2021,1,3,West Virginia,19.82,116.14,95.64,0.7933,0.5327,0.1801,0.269,25,7,0.373,0.2974,14,Morehead State,1.36,107.66,105.62,0.5199,0.5183,0.1679,0.3257,19,15,0.3482,0.3359,West Virginia
2021,1,7,Clemson,11.16,116.1,105.21,0.6551,0.5074,0.168,0.3078,21,10,0.3383,0.3451,10,Rutgers,6.76,114.49,106.94,0.6145,0.5084,0.1583,0.301,21,10,0.3197,0.3011,Rutgers
2021,1,2,Houston,27.52,121.33,93.17,0.8985,0.5353,0.1573,0.3147,29,3,0.3674,0.28,15,Cleveland State,-0.52,112.14,113.5,0.4874,0.4848,0.1989,0.2862,17,14,0.3534,0.3243,Houston
2021,2,1,Illinois,28.94,120.69,91.72,0.9328,0.5397,0.1417,0.2785,30,5,0.3628,0.2913,8,Loyola Chicago,11.78,115.87,104.67,0.6843,0.5422,0.1639,0.2908,21,8,0.3306,0.2922,Loyola Chicago
2021,2,12,Oregon State,6.51,110.99,105.11,0.6026,0.4955,0.1851,0.328,23,11,0.3279,0.351,4,Oklahoma State,17.52,114.12,95.77,0.7642,0.5229,0.1752,0.2818,25,8,0.3445,0.2957,Oregon State
2021,2,11,Syracuse,6.4,115.38,108.29,0.5887,0.4967,0.1555,0.2859,19,10,0.3286,0.3265,3,West Virginia,19.82,116.14,95.64,0.7933,0.5327,0.1801,0.269,25,7,0.373,0.2974,Syracuse
2021,2,10,Rutgers,6.76,114.49,106.94,0.6145,0.5084,0.1583,0.301,21,10,0.3197,0.3011,2,Houston,27.52,121.33,93.17,0.8985,0.5353,0.1573,0.3147,29,3,0.3674,0.28,Houston
2021,3,8,Loyola Chicago,11.78,115.87,104.67,0.6843,0.5422,0.1639,0.2908,21,8,0.3306,0.2922,12,Oregon State,6.51,110.99,105.11,0.6026,0.4955,0.1851,0.328,23,11,0.3279,0.351,Oregon State
2021,3,11,Syracuse,6.4,115.38,108.29,0.5887,0.4967,0.1555,0.2859,19,10,0.3286,0.3265,2,Houston,27.52,121.33,93.17,0.8985,0.5353,0.1573,0.3147,29,3,0.3674,0.28,Houston
2021,4,12,Oregon State,6.51,110.99,105.11,0.6026,0.4955,0.1851,0.328,23,11,0.3279,0.351,2,Houston,27.52,121.33,93.17,0.8985,0.5353,0.1573,0.3147,29,3,0.3674,0.28,Houston
2021,5,1,Baylor,30.66,122.32,91.96,0.9649,0.5736,0.1622,0.2794,31,4,0.3457,0.2861,2,Houston,27.52,121.33,93.17,0.8985,0.5353,0.1573,0.3147,29,3,0.3674,0.28,Baylor
2021,5,1,Gonzaga,28.44,121.69,92.74,0.9227,0.538,0.14,0.319,29,5,0.3627,0.2853,11,UCLA,8.55,113.43,104.4,0.6373,0.5268,0.1903,0.3374,21,10,0.3231,0.3472,Gonzaga
2021,6,1,Baylor,30.66,122.32,91.96,0.9649,0.5736,0.1622,0.2794,31,4,0.3457,0.2861,1,Gonzaga,28.44,121.69,92.74,0.9227,0.538,0.14,0.319,29,5,0.3627,0.2853,Baylor
2022,1,1,Arizona,28.79,122.65,93.52,0.9173,0.5522,0.1403,0.3017,32,2,0.3784,0.28,16,Wright State,-3.21,110.21,113.81,0.4631,0.4878,0.1933,0.3046,18,15,0.3377,0.3165,Arizona
2022,1,8,Seton Hall,8.63,115.81,107.75,0.643,0.5194,0.1739,0.2612,23,10,0.3195,0.3207,9,TCU,11.82,114.91,102.5,0.6675,0.5302,0.1586,0.2703,21,8,0.3343,0.2893,TCU
2022,1,5,Houston,18.43,115.12,96.76,0.7832,0.5344,0.1732,0.3103,23,5,0.3598,0.3341,12,UAB,5.31,110.64,105.62,0.5934,0.5072,0.1757,0.2848,21,8,0.3727,0.3395,Houston
2022,1,4,Illinois,18.95,119.76,100.61,0.765,0.538,0.1807,0.3093,25,6,0.3631,0.3148,13,Chattanooga,3.21,109.72,107.47,0.555,0.5209,0.1752,0.3323,21,11,0.3232,0.3211,Illinois
2022,1,6,Colorado State,16.03,116.15,99.87,0.7468,0.5361,0.1443,0.2979,24,7,0.3625,0.3058,11,Michigan,6.47,110.94,104.89,0.5985,0.5095,0.1729,0.2976,19,9,0.3733,0.3275,Michigan
2022,1,3,Tennessee,22.32,117.72,96.35,0.8291,0.5523,0.1537,0.3338,28,7,0.382,0.3134,14,Longwood,1.36,108.74,108.29,0.5333,0.4936,0.1982,0.2663,18,14,0.3398,0.3494,Tennessee
2022,1,7,Ohio State,14.31,118.16,103.0,0.7096,0.53,0.1546,0.3325,22,9,0.3473,0.2975,10,Loyola Chicago,10.01,116.49,105.71,0.6589,0.5099,0.1655,0.2674,19,10,0.3264,0.3332,Loyola Chicago
2022,1,2,Villanova,25.23,118.3,93.43,0.8805,0.5533,0.1595,0.304,30,5,0.363,0.28,15,Delaware,2.7,108.29,105.8,0.5338,0.5231,0.1785,0.3044,17,13,0.3187,0.3195,Villanova
2022,2,1,Arizona,28.79,122.65,93.52,0.9173,0.5522,0.1403,0.3017,32,2,0.3784,0.28,9,TCU,11.82,114.91,102.5,0.6675,0.5302,0.1586,0.2703,21,8,0.3343,0.2893,Arizona
2022,2,5,Houston,18.43,115.12,96.76,0.7832,0.5344,0.1732,0.3103,23,5,0.3598,0.3341,4,Illinois,18.95,119.76,100.61,0.765,0.538,0.1807,0.3093,25,6,0.3631,0.3148,Houston
2022,2,11,Michigan,6.47,110.94,104.89,0.5985,0.5095,0.1729,0.2976,19,9,0.3733,0.3275,3,Tennessee,22.32,117.72,96.35,0.8291,0.5523,0.1537,0.3338,28,7,0.382,0.3134,Michigan
2022,2,10,Loyola Chicago,10.01,116.49,105.71,0.6589,0.5099,0.1655,0.2674,19,10,0.3264,0.3332,2,Villanova,25.23,118.3,93.43,0.8805,0.5533,0.1595,0.304,30,5,0.363,0.28,Villanova
2022,3,1,Arizona,28.79,122.65,93.52,0.9173,0.5522,0.1403,0.3017,32,2,0.3784,0.28,5,Houston,18.43,115.12,96.76,0.7832,0.5344,0.1732,0.3103,23,5,0.3598,0.3341,Houston
2022,3,11,Michigan,6.47,110.94,104.89,0.5985,0.5095,0.1729,0.2976,19,9,0.3733,0.3275,2,Villanova,25.23,118.3,93.43,0.8805,0.5533,0.1595,0.304,30,5,0.363,0.28,Villanova
2022,4,5,Houston,18.43,115.12,96.76,0.7832,0.5344,0.1732,0.3103,23,5,0.3598,0.3341,2,Villanova,25.23,118.3,93.43,0.8805,0.5533,0.1595,0.304,30,5,0.363,0.28,Villanova
2022,1,1,Gonzaga,31.06,121.1,89.94,0.9603,0.5577,0.14,0.3326,29,2,0.3485,0.3234,16,Georgia State,-5.15,105.75,110.29,0.4339,0.4704,0.1652,0.3159,17,14,0.3271,0.3142,Gonzaga
2022,1,8,Boise State,11.92,114.32,102.21,0.6927,0.5047,0.1829,0.3342,24,9,0.3587,0.2929,9,Memphis,10.66,116.02,104.4,0.6483,0.5403,0.1723,0.2759,21,12,0.3511,0.3439,Memphis
2022,1,5,Connecticut,15.02,114.75,100.64,0.7327,0.5474,0.1694,0.3217,26,6,0.3674,0.3068,12,New Mexico State,6.17,112.05,106.79,0.5894,0.53,0.1782,0.2897,23,9,0.3442,0.3241,Connecticut
2022,1,4,Arkansas,16.32,118.42,101.79,0.7398,0.5479,0.1437,0.3331,25,6,0.3284,0.3108,13,Vermont,6.95,111.86,105.55,0.6201,0.5117,0.1773,0.2981,22,9,0.3716,0.3099,Arkansas
2022,1,6,Alabama,17.26,114.88,97.72,0.7558,0.5241,0.1468,0.3011,22,8,0.3603,0.3118,11,Notre Dame,9.15,113.35,104.54,0.634,0.5212,0.1699,0.2648,20,12,0.3721,0.3111,Alabama
2022,1,3,Texas Tech,21.74,119.7,98.44,0.8294,0.5474,0.1607,0.3272,29,6,0.3777,0.3122,14,Montana State,4.95,112.09,106.43,0.5931,0.5091,0.1624,0.3114,21,12,0.3701,0.2963,Texas Tech
2022,1,7,Michigan State,13.3,113.96,100.86,0.7136,0.5348,0.1583,0.272,23,10,0.3632,0.3242,10,Davidson,6.41,112.19,105.32,0.5941,0.5059,0.1754,0.2663,21,12,0.3599,0.3265,Davidson
2022,1,2,Duke,25.68,118.54,93.18,0.8867,0.5404,0.1666,0.2777,30,4,0.395,0.2914,15,Cal State Fullerton,0.45,112.79,112.68,0.5218,0.4855,0.172,0.2954,20,15,0.3512,0.3469,Duke
2022,2,1,Gonzaga,31.06,121.1,89.94,0.9603,0.5577,0.14,0.3326,29,2,0.3485,0.3234,9,Memphis,10.66,116.02,104.4,0.6483,0.5403,0.1723,0.2759,21,12,0.3511,0.3439,Gonzaga
2022,2,5,Connecticut,15.02,114.75,100.64,0.7327,0.5474,0.1694,0.3217,26,6,0.3674,0.3068,4,Arkansas,16.32,118.42,101.79,0.7398,0.5479,0.1437,0.3331,25,6,0.3284,0.3108,Arkansas
2022,2,6,Alabama,17.26,114.88,97.72,0.7558,0.5241,0.1468,0.3011,22,8,0.3603,0.3118,3,Texas Tech,21.74,119.7,98.44,0.8294,0.5474,0.1607,0.3272,29,6,0.3777,0.3122,Texas Tech
2022,2,10,Davidson,6.41,112.19,105.32,0.5941,0.5059,0.1754,0.2663,21,12,0.3599,0.3265,2,Duke,25.68,118.54,93.18,0.8867,0.5404,0.1666,0.2777,30,4,0.395,0.2914,Duke
2022,3,1,Gonzaga,31.06,121.1,89.94,0.9603,0.5577,0.14,0.3326,29,2,0.3485,0.3234,4,Arkansas,16.32,118.42,101.79,0.7398,0.5479,0.1437,0.3331,25,6,0.3284,0.3108,Arkansas
2022,3,3,Texas Tech,21.74,119.7,98.44,0.8294,0.5474,0.1607,0.3272,29,6,0.3777,0.3122,2,Duke,25.68,118.54,93.18,0.8867,0.5404,0.1666,0.2777,30,4,0.395,0.2914,Duke
2022,4,4,Arkansas,16.32,118.42,101.79,0.7398,0.5479,0.1437,0.3331,25,6,0.3284,0.3108,2,Duke,25.68,118.54,93.18,0.8867,0.5404,0.1666,0.2777,30,4,0.395,0.2914,Duke
2022,1,1,Baylor,31.14,123.19,92.38,0.9589,0.5631,0.1644,0.328,32,4,0.3412,0.3029,16,Norfolk State,-0.89,106.66,107.79,0.4972,0.4797,0.1659,0.3181,19,14,0.3511,0.3107,Baylor
2022,1,8,North Carolina,9.78,112.07,101.37,0.6583,0.5297,0.1901,0.2891,20,10,0.3535,0.3293,9,Marquette,8.5,116.31,107.08,0.6121,0.5246,0.1745,0.2888,22,9,0.3568,0.3398,North Carolina
2022,1,5,Saint Mary's,15.54,115.49,99.8,0.7391,0.5455,0.1835,0.2765,25,8,0.3638,0.3398,12,Indiana,6.37,110.57,104.83,0.5936,0.499,0.1675,0.3383,21,12,0.3599,0.3523,Indiana
2022,1,4,UCLA,16.97,116.01,98.96,0.739,0.5273,0.1691,0.299,27,6,0.3438,0.3418,13,Akron,3.89,111.83,108.45,0.5539,0.5271,0.1617,0.2728,22,13,0.3524,0.3142,UCLA
2022,1,6,Texas,13.57,115.16,100.7,0.6899,0.5414,0.1841,0.2872,26,7,0.3797,0.3126,11,Virginia Tech,6.28,114.21,107.47,0.5821,0.5077,0.192,0.3105,23,12,0.3325,0.3506,Virginia Tech
2022,1,3,Purdue,22.47,118.15,95.62,0.8561,0.5538,0.1603,0.2698,29,4,0.3861,0.3195,14,Yale,3.36,113.14,110.41,0.5331,0.5002,0.1808,0.3025,18,15,0.3404,0.3393,Purdue
2022,1,7,Murray State,14.15,116.27,101.62,0.7284,0.5472,0.1714,0.3158,23,6,0.3603,0.3043,10,San Francisco,11.73,114.42,103.31,0.694,0.5123,0.1537,0.2639,22,9,0.3766,0.3276,San Francisco
2022,1,2,Kentucky,26.79,123.22,95.77,0.8874,0.5708,0.1599,0.3163,30,4,0.3869,0.28,15,Saint Peter's,1.94,110.24,108.33,0.5091,0.5086,0.1928,0.2971,21,14,0.3401,0.344,Saint Peter's
2022,2,1,Baylor,31.14,123.19,92.38,0.9589,0.5631,0.1644,0.328,32,4,0.3412,0.3029,8,North Carolina,9.78,112.07,101.37,0.6583,0.5297,0.1901,0.2891,20,10,0.3535,0.3293,North Carolina
2022,2,12,Indiana,6.37,110.57,104.83,0.5936,0.499,0.1675,0.3383,21,12,0.3599,0.3523,4,UCLA,16.97,116.01,98.96,0.739,0.5273,0.1691,0.299,27,6,0.3438,0.3418,UCLA
2022,2,11,Virginia Tech,6.28,114.21,107.47,0.5821,0.5077,0.192,0.3105,23,12,0.3325,0.3506,3,Purdue,22.47,118.15,95.62,0.8561,0.5538,0.1603,0.2698,29,4,0.3861,0.3195,Purdue
2022,2,10,San Francisco,11.73,114.42,103.31,0.694,0.5123,0.1537,0.2639,22,9,0.3766,0.3276,15,Saint Peter's,1.94,110.24,108.33,0.5091,0.5086,0.1928,0.2971,21,14,0.3401,0.344,Saint Peter's
2022,3,8,North Carolina,9.78,112.07,101.37,0.6583,0.5297,0.1901,0.2891,20,10,0.3535,0.3293,4,UCLA,16.97,116.01,98.96,0.739,0.5273,0.1691,0.299,27,6,0.3438,0.3418,North Carolina
2022,3,3,Purdue,22.47,118.15,95.62,0.8561,0.5538,0.1603,0.2698,29,4,0.3861,0.3195,15,Saint Peter's,1.94,110.24,108.33,0.5091,0.5086,0.1928,0.2971,21,14,0.3401,0.344,Saint Peter's
2022,4,8,North Carolina,9.78,112.07,101.37,0.6583,0.5297,0.1901,0.2891,20,10,0.3535,0.3293,15,Saint Peter's,1.94,110.24,108.33,0.5091,0.5086,0.1928,0.2971,21,14,0.3401,0.344,North Carolina
2022,1,1,Kansas,31.58,124.63,93.45,0.9743,0.5655,0.1456,0.3094,33,4,0.3844,0.28,16,Texas Southern,-5.42,108.97,115.2,0.4266,0.4736,0.1954,0.3045,18,18,0.3157,0.3583,Kansas
2022,1,8,San Diego State,13.78,117.39,104.29,0.7113,0.5256,0.1839,0.2711,20,11,0.3475,0.3432,9,Creighton,11.49,114.24,102.39,0.6856,0.5336,0.1618,0.2826,24,8,0.3449,0.3178,Creighton
2022,1,5,Iowa,19.51,118.69,98.5,0.7935,0.5317,0.1584,0.271,25,8,0.3462,0.3052,12,Richmond,7.62,114.84,108.16,0.6254,0.5024,0.1905,0.267,23,8,0.367,0.3435,Richmond
2022,1,4,Providence,17.6,115.67,97.31,0.7826,0.5355,0.1727,0.3137,23,6,0.3767,0.2828,13,South Dakota State,7.69,112.37,104.03,0.6053,0.5017,0.1564,0.294,22,12,0.3534,0.3305,Providence
2022,1,6,LSU,16.85,117.2,100.6,0.7692,0.551,0.1733,0.3047,25,8,0.3728,0.3025,11,Iowa State,6.95,112.07,104.19,0.5881,0.5156,0.1619,0.3089,20,12,0.339,0.3271,Iowa State
2022,1,3,Wisconsin,20.91,119.66,99.16,0.8065,0.5615,0.14,0.3055,27,8,0.3448,0.285,14,Colgate,0.28,107.82,107.52,0.5161,0.4946,0.193,0.3369,19,15,0.3511,0.3236,Wisconsin
2022,1,7,USC,12.96,114.14,102.15,0.6771,0.5429,0.1545,0.2823,21,10,0.3517,0.2962,10,Miami,8.11,114.61,107.49,0.627,0.5004,0.1681,0.2765,19,12,0.3383,0.3492,Miami
2022,1,2,Auburn,24.18,120.71,95.64,0.8498,0.5522,0.1667,0.2827,26,6,0.3862,0.2939,15,Jacksonville State,-2.26,107.49,108.8,0.4635,0.4986,0.1923,0.2809,19,15,0.361,0.3493,Auburn
2022,2,1,Kansas,31.58,124.63,93.45,0.9743,0.5655,0.1456,0.3094,33,4,0.3844,0.28,9,Creighton,11.49,114.24,102.39,0.6856,0.5336,0.1618,0.2826,24,8,0.3449,0.3178,Kansas
2022,2,12,Richmond,7.62,114.84,108.16,0.6254,0.5024,0.1905,0.267,23,8,0.367,0.3435,4,Providence,17.6,115.67,97.31,0.7826,0.5355,0.1727,0.3137,23,6,0.3767,0.2828,Providence
2022,2,11,Iowa State,6.95,112.07,104.19,0.5881,0.5156,0.1619,0.3089,20,12,0.339,0.3271,3,Wisconsin,20.91,119.66,99.16,0.8065,0.5615,0.14,0.3055,27,8,0.3448,0.285,Iowa State
2022,2,10,Miami,8.11,114.61,107.49,0.627,0.5004,0.1681,0.2765,19,12,0.3383,0.3492,2,Auburn,24.18,120.71,95.64,0.8498,0.5522,0.1667,0.2827,26,6,0.3862,0.2939,Miami
2022,3,1,Kansas,31.58,124.63,93.45,0.9743,0.5655,0.1456,0.3094,33,4,0.3844,0.28,4,Providence,17.6,115.67,97.31,0.7826,0.5355,0.1727,0.3137,23,6,0.3767,0.2828,Kansas
2022,3,11,Iowa State,6.95,112.07,104.19,0.5881,0.5156,0.1619,0.3089,20,12,0.339,0.3271,10,Miami,8.11,114.61,107.49,0.627,0.5004,0.1681,0.2765,19,12,0.3383,0.3492,Miami
2022,4,1,Kansas,31.58,124.63,93.45,0.9743,0.5655,0.1456,0.3094,33,4,0.3844,0.28,10,Miami,8.11,114.61,107.49,0.627,0.5004,0.1681,0.2765,19,12,0.3383,0.3492,Kansas
2022,5,1,Kansas,31.58,124.63,93.45,0.9743,0.5655,0.1456,0.3094,33,4,0.3844,0.28,2,Villanova,25.23,118.3,93.43,0.8805,0.5533,0.1595,0.304,30,5,0.363,0.28,Kansas
2022,5,8,North Carolina,9.78,112.07,101.37,0.6583,0.5297,0.1901,0.2891,20,10,0.3535,0.3293,2,Duke,25.68,118.54,93.18,0.8867,0.5404,0.1666,0.2777,30,4,0.395,0.2914,North Carolina
2022,6,1,Kansas,31.58,124.63,93.45,0.9743,0.5655,0.1456,0.3094,33,4,0.3844,0.28,8,North Carolina,9.78,112.07,101.37,0.6583,0.5297,0.1901,0.2891,20,10,0.3535,0.3293,Kansas
2023,1,1,Alabama,27.35,123.13,96.76,0.9244,0.5499,0.14,0.3216,32,5,0.39,0.3037,16,Texas A&M Corpus Christi,-2.39,110.74,112.76,0.4566,0.4914,0.1809,0.3105,19,15,0.3402,0.3303,Alabama
2023,1,8,Maryland,12.48,117.36,105.86,0.685,0.5257,0.1487,0.303,23,11,0.3615,0.3313,9,West Virginia,8.58,115.49,106.6,0.6294,0.5114,0.1651,0.281,20,11,0.358,0.3381,Maryland
2023,1,5,San Diego State,16.83,119.31,103.26,0.7657,0.5309,0.1485,0.3093,27,6,0.3732,0.3154,12,Charleston,4.75,110.55,105.69,0.5829,0.5145,0.1697,0.3024,22,10,0.3624,0.3079,San Diego State
2023,1,4,Virginia,20.66,115.55,95.06,0.7928,0.547,0.1459,0.3256,25,5,0.3499,0.3005,13,Furman,7.54,115.45,108.05,0.62,0.5047,0.1768,0.3328,19,10,0.3381,0.318,Furman
2023,1,6,Creighton,15.06,117.6,103.22,0.7303,0.5202,0.1739,0.2839,25,10,0.3366,0.3321,11,NC State,8.64,111.6,102.86,0.6334,0.532,0.1859,0.306,19,11,0.3285,0.3154,Creighton
2023,1,3,Baylor,20.45,117.79,97.27,0.8034,0.5358,0.1601,0.2848,27,6,0.3583,0.3099,14,UC Santa Barbara,0.22,112.99,112.16,0.509,0.5043,0.1929,0.2963,22,15,0.3313,0.3594,Baylor
2023,1,7,Missouri,14.36,116.81,102.73,0.6956,0.5464,0.1659,0.3343,22,9,0.3282,0.2949,10,Utah State,10.93,112.66,102.32,0.6554,0.5383,0.1491,0.264,20,8,0.3665,0.317,Missouri
2023,1,2,Arizona,25.77,120.57,94.68,0.8678,0.5561,0.14,0.2687,29,6,0.3485,0.3135,15,Princeton,0.86,108.57,108.62,0.5247,0.5114,0.1604,0.2942,19,14,0.3571,0.3474,Princeton
2023,2,1,Alabama,27.35,123.13,96.76,0.9244,0.5499,0.14,0.3216,32,5,0.39,0.3037,8,Maryland,12.48,117.36,105.86,0.685,0.5257,0.1487,0.303,23,11,0.3615,0.3313,Alabama
2023,2,5,San Diego State,16.83,119.31,103.26,0.7657,0.5309,0.1485,0.3093,27,6,0.3732,0.3154,13,Furman,7.54,115.45,108.05,0.62,0.5047,0.1768,0.3328,19,10,0.3381,0.318,San Diego State
2023,2,6,Creighton,15.06,117.6,103.22,0.7303,0.5202,0.1739,0.2839,25,10,0.3366,0.3321,3,Baylor,20.45,117.79,97.27,0.8034,0.5358,0.1601,0.2848,27,6,0.3583,0.3099,Creighton
2023,2,7,Missouri,14.36,116.81,102.73,0.6956,0.5464,0.1659,0.3343,22,9,0.3282,0.2949,15,Princeton,0.86,108.57,108.62,0.5247,0.5114,0.1604,0.2942,19,14,0.3571,0.3474,Princeton
2023,3,1,Alabama,27.35,123.13,96.76,0.9244,0.5499,0.14,0.3216,32,5,0.39,0.3037,5,San Diego State,16.83,119.31,103.26,0.7657,0.5309,0.1485,0.3093,27,6,0.3732,0.3154,San Diego State
2023,3,6,Creighton,15.06,117.6,103.22,0.7303,0.5202,0.1739,0.2839,25,10,0.3366,0.3321,15,Princeton,0.86,108.57,108.62,0.5247,0.5114,0.1604,0.2942,19,14,0.3571,0.3474,Creighton
2023,4,5,San Diego State,16.83,119.31,103.26,0.7657,0.5309,0.1485,0.3093,27,6,0.3732,0.3154,6,Creighton,15.06,117.6,103.22,0.7303,0.5202,0.1739,0.2839,25,10,0.3366,0.3321,San Diego State
2023,1,1,Kansas,31.3,123.61,91.81,0.9777,0.5486,0.164,0.3049,32,3,0.3698,0.28,16,Howard,-5.47,109.65,115.86,0.4275,0.4987,0.1782,0.3378,15,16,0.3372,0.3379,Kansas
2023,1,8,Arkansas,8.93,112.99,103.51,0.6193,0.5103,0.1744,0.3371,24,11,0.3669,0.349,9,Illinois,12.53,113.62,100.11,0.7044,0.5217,0.1532,0.2966,20,8,0.3501,0.3141,Arkansas
2023,1,5,Saint Mary's,17.36,117.56,100.99,0.7768,0.5454,0.1525,0.2696,25,8,0.3501,0.2916,12,VCU,5.67,113.37,107.87,0.5726,0.5235,0.1849,0.3114,24,12,0.3683,0.3183,Saint Mary's
2023,1,4,Connecticut,16.86,114.59,96.92,0.7633,0.5322,0.1439,0.2777,25,7,0.3377,0.2954,13,Iona,7.52,112.45,104.18,0.6126,0.5055,0.1533,0.3234,21,10,0.357,0.3503,Connecticut
2023,1,6,TCU,12.46,114.91,103.07,0.6989,0.5092,0.1822,0.2913,23,10,0.3284,0.3317,11,Arizona State,5.65,113.4,107.18,0.5818,0.5211,0.1699,0.3375,22,9,0.3244,0.3503,TCU
2023,1,3,Gonzaga,20.22,117.48,96.6,0.8102,0.5254,0.1708,0.2797,28,7,0.3501,0.3385,14,Grand Canyon,5.2,112.78,107.79,0.5609,0.5297,0.1632,0.3073,18,14,0.3731,0.3394,Gonzaga
2023,1,7,Northwestern,11.32,111.87,99.95,0.6499,0.5199,0.151,0.2841,25,8,0.3618,0.3463,10,Boise State,8.73,113.02,103.31,0.6259,0.5275,0.1523,0.2632,19,12,0.338,0.3268,Northwestern
2023,1,2,UCLA,27.91,123.6,96.59,0.9212,0.548,0.1613,0.3354,29,7,0.351,0.3143,15,UNC Asheville,0.29,109.54,109.64,0.5047,0.4884,0.1818,0.3386,19,14,0.3651,0.3327,UCLA
2023,2,1,Kansas,31.3,123.61,91.81,0.9777,0.5486,0.164,0.3049,32,3,0.3698,0.28,8,Arkansas,8.93,112.99,103.51,0.6193,0.5103,0.1744,0.3371,24,11,0.3669,0.349,Arkansas
2023,2,5,Saint Mary's,17.36,117.56,100.99,0.7768,0.5454,0.1525,0.2696,25,8,0.3501,0.2916,4,Connecticut,16.86,114.59,96.92,0.7633,0.5322,0.1439,0.2777,25,7,0.3377,0.2954,Connecticut
2023,2,6,TCU,12.46,114.91,103.07,0.6989,0.5092,0.1822,0.2913,23,10,0.3284,0.3317,3,Gonzaga,20.22,117.48,96.6,0.8102,0.5254,0.1708,0.2797,28,7,0.3501,0.3385,Gonzaga
2023,2,7,Northwestern,11.32,111.87,99.95,0.6499,0.5199,0.151,0.2841,25,8,0.3618,0.3463,2,UCLA,27.91,123.6,96.59,0.9212,0.548,0.1613,0.3354,29,7,0.351,0.3143,UCLA
2023,3,8,Arkansas,8.93,112.99,103.51,0.6193,0.5103,0.1744,0.3371,24,11,0.3669,0.349,4,Connecticut,16.86,114.59,96.92,0.7633,0.5322,0.1439,0.2777,25,7,0.3377,0.2954,Connecticut
2023,3,3,Gonzaga,20.22,117.48,96.6,0.8102,0.5254,0.1708,0.2797,28,7,0.3501,0.3385,2,UCLA,27.91,123.6,96.59,0.9212,0.548,0.1613,0.3354,29,7,0.351,0.3143,Gonzaga
2023,4,4,Connecticut,16.86,114.59,96.92,0.7633,0.5322,0.1439,0.2777,25,7,0.3377,0.2954,3,Gonzaga,20.22,117.48,96.6,0.8102,0.5254,0.1708,0.2797,28,7,0.3501,0.3385,Connecticut
2023,1,1,Purdue,31.57,121.94,91.05,0.9609,0.5722,0.1673,0.3056,31,2,0.3468,0.2964,16,Fairleigh Dickinson,-4.96,105.23,110.09,0.4202,0.4942,0.1855,0.3171,18,15,0.3227,0.313,Fairleigh Dickinson
2023,1,8,Memphis,8.99,111.63,102.88,0.6223,0.5324,0.1807,0.3185,21,11,0.3526,0.2966,9,Florida Atlantic,11.61,115.3,104.19,0.6882,0.5308,0.1717,0.3182,23,12,0.3277,0.3355,Florida Atlantic
2023,1,5,Duke,19.98,116.35,96.91,0.8197,0.55,0.1567,0.2868,25,5,0.3546,0.2838,12,Oral Roberts,6.28,111.29,104.08,0.5842,0.5221,0.1551,0.3222,23,12,0.3442,0.3478,Duke
2023,1,4,Tennessee,21.13,120.57,100.06,0.8359,0.5486,0.1751,0.2688,27,7,0.3853,0.3371,13,Louisiana,7.7,113.63,104.99,0.6264,0.5349,0.1621,0.2698,19,13,0.3303,0.3335,Tennessee
2023,1,6,Kentucky,13.19,115.74,102.44,0.6942,0.507,0.1708,0.3397,22,8,0.3543,0.3024,11,Providence,10.75,111.67,101.65,0.6758,0.5071,0.1663,0.2917,19,10,0.3773,0.3252,Providence
2023,1,3,Kansas State,19.56,119.62,100.42,0.7738,0.5498,0.1643,0.3331,27,4,0.3762,0.2829,14,Montana State,3.0,111.4,107.73,0.5523,0.5099,0.1827,0.3376,20,13,0.3717,0.3272,Kansas State
2023,1,7,Michigan State,13.66,115.23,101.93,0.7113,0.5127,0.1758,0.3042,25,7,0.332,0.2916,10,USC,6.92,109.78,102.39,0.5986,0.5316,0.1692,0.3206,22,11,0.353,0.3081,Michigan State
2023,1,2,Marquette,22.2,120.92,98.66,0.8505,0.5393,0.1514,0.2918,28,7,0.3502,0.2856,15,Vermont,0.44,107.97,107.88,0.5108,0.5039,0.1806,0.3339,20,15,0.3526,0.3453,Marquette
2023,2,16,Fairleigh Dickinson,-4.96,105.23,110.09,0.4202,0.4942,0.1855,0.3171,18,15,0.3227,0.313,9,Florida Atlantic,11.61,115.3,104.19,0.6882,0.5308,0.1717,0.3182,23,12,0.3277,0.3355,Florida Atlantic
2023,2,5,Duke,19.98,116.35,96.91,0.8197,0.55,0.1567,0.2868,25,5,0.3546,0.2838,4,Tennessee,21.13,120.57,100.06,0.8359,0.5486,0.1751,0.2688,27,7,0.3853,0.3371,Tennessee
2023,2,11,Providence,10.75,111.67,101.65,0.6758,0.5071,0.1663,0.2917,19,10,0.3773,0.3252,3,Kansas State,19.56,119.62,100.42,0.7738,0.5498,0.1643,0.3331,27,4,0.3762,0.2829,Kansas State
2023,2,7,Michigan State,13.66,115.23,101.93,0.7113,0.5127,0.1758,0.3042,25,7,0.332,0.2916,2,Marquette,22.2,120.92,98.66,0.8505,0.5393,0.1514,0.2918,28,7,0.3502,0.2856,Marquette
2023,3,9,Florida Atlantic,11.61,115.3,104.19,0.6882,0.5308,0.1717,0.3182,23,12,0.3277,0.3355,4,Tennessee,21.13,120.57,100.06,0.8359,0.5486,0.1751,0.2688,27,7,0.3853,0.3371,Florida Atlantic
2023,3,3,Kansas State,19.56,119.62,100.42,0.7738,0.5498,0.1643,0.3331,27,4,0.3762,0.2829,2,Marquette,22.2,120.92,98.66,0.8505,0.5393,0.1514,0.2918,28,7,0.3502,0.2856,Kansas State
2023,4,9,Florida Atlantic,11.61,115.3,104.19,0.6882,0.5308,0.1717,0.3182,23,12,0.3277,0.3355,3,Kansas State,19.56,119.62,100.42,0.7738,0.5498,0.1643,0.3331,27,4,0.3762,0.2829,Florida Atlantic
2023,1,1,Houston,28.93,121.34,91.63,0.9466,0.5404,0.14,0.2633,32,5,0.3443,0.2915,16,Northern Kentucky,-2.31,106.86,109.96,0.4623,0.4899,0.2003,0.2794,16,14,0.3178,0.3516,Houston
2023,1,8,Iowa,12.6,117.84,105.82,0.6838,0.5415,0.1713,0.339,21,8,0.334,0.3141,9,Auburn,10.28,113.27,102.29,0.6563,0.5124,0.1781,0.2846,22,8,0.3733,0.3078,Auburn
2023,1,5,Miami,19.3,117.99,98.91,0.7868,0.5314,0.1536,0.2699,23,9,0.3599,0.3037,12,Drake,9.07,113.68,103.66,0.6317,0.5158,0.1555,0.3213,21,9,0.3464,0.3167,Miami
2023,1,4,Indiana,21.28,116.07,94.04,0.821,0.5563,0.1586,0.2882,23,5,0.3422,0.334,13,Kent State,6.36,110.81,104.76,0.6089,0.5186,0.1858,0.3111,23,13,0.3612,0.3048,Indiana
2023,1,6,Iowa State,14.06,117.42,103.52,0.7103,0.5343,0.1536,0.2832,26,8,0.3411,0.3307,11,Mississippi State,10.34,114.02,104.57,0.6417,0.5209,0.1503,0.3302,20,9,0.358,0.3039,Iowa State
2023,1,3,Xavier,20.12,120.51,100.16,0.7836,0.5491,0.1541,0.3382,26,6,0.3617,0.2965,14,Kennesaw State,2.62,113.45,111.09,0.5522,0.4993,0.1825,0.3097,22,14,0.3693,0.3376,Xavier
2023,1,7,Texas A&M,12.33,117.29,105.82,0.6675,0.5102,0.1509,0.3093,23,9,0.363,0.3329,10,Penn State,6.11,115.44,109.9,0.5872,0.5051,0.1624,0.2946,23,11,0.3686,0.3084,Penn State
2023,1,2,Texas,24.83,117.07,92.19,0.8845,0.5397,0.1725,0.3162,28,7,0.3807,0.3035,15,Colgate,-2.74,109.32,111.59,0.4648,0.5013,0.1907,0.2792,21,14,0.3623,0.3226,Texas
2023,2,1,Houston,28.93,121.34,91.63,0.9466,0.5404,0.14,0.2633,32,5,0.3443,0.2915,9,Auburn,10.28,113.27,102.29,0.6563,0.5124,0.1781,0.2846,22,8,0.3733,0.3078,Houston
2023,2,5,Miami,19.3,117.99,98.91,0.7868,0.5314,0.1536,0.2699,23,9,0.3599,0.3037,4,Indiana,21.28,116.07,94.04,0.821,0.5563,0.1586,0.2882,23,5,0.3422,0.334,Miami
2023,2,6,Iowa State,14.06,117.42,103.52,0.7103,0.5343,0.1536,0.2832,26,8,0.3411,0.3307,3,Xavier,20.12,120.51,100.16,0.7836,0.5491,0.1541,0.3382,26,6,0.3617,0.2965,Xavier
2023,2,10,Penn State,6.11,115.44,109.9,0.5872,0.5051,0.1624,0.2946,23,11,0.3686,0.3084,2,Texas,24.83,117.07,92.19,0.8845,0.5397,0.1725,0.3162,28,7,0.3807,0.3035,Texas
2023,3,1,Houston,28.93,121.34,91.63,0.9466,0.5404,0.14,0.2633,32,5,0.3443,0.2915,5,Miami,19.3,117.99,98.91,0.7868,0.5314,0.1536,0.2699,23,9,0.3599,0.3037,Miami
2023,3,3,Xavier,20.12,120.51,100.16,0.7836,0.5491,0.1541,0.3382,26,6,0.3617,0.2965,2,Texas,24.83,117.07,92.19,0.8845,0.5397,0.1725,0.3162,28,7,0.3807,0.3035,Texas
2023,4,5,Miami,19.3,117.99,98.91,0.7868,0.5314,0.1536,0.2699,23,9,0.3599,0.3037,2,Texas,24.83,117.07,92.19,0.8845,0.5397,0.1725,0.3162,28,7,0.3807,0.3035,Miami
2023,5,4,Connecticut,16.86,114.59,96.92,0.7633,0.5322,0.1439,0.2777,25,7,0.3377,0.2954,5,Miami,19.3,117.99,98.91,0.7868,0.5314,0.1536,0.2699,23,9,0.3599,0.3037,Connecticut
2023,5,5,San Diego State,16.83,119.31,103.26,0.7657,0.5309,0.1485,0.3093,27,6,0.3732,0.3154,9,Florida Atlantic,11.61,115.3,104.19,0.6882,0.5308,0.1717,0.3182,23,12,0.3277,0.3355,San Diego State
2023,6,4,Connecticut,16.86,114.59,96.92,0.7633,0.5322,0.1439,0.2777,25,7,0.3377,0.2954,5,San Diego State,16.83,119.31,103.26,0.7657,0.5309,0.1485,0.3093,27,6,0.3732,0.3154,Connecticut
2024,1,1,Houston,31.35,120.96,90.14,0.98,0.5743,0.1502,0.3142,29,3,0.3916,0.2818,16,Longwood,-2.97,110.17,113.86,0.4595,0.4906,0.1816,0.2914,17,14,0.3072,0.3362,Houston
2024,1,8,Nebraska,10.45,116.61,105.64,0.6722,0.5102,0.1652,0.2857,22,9,0.3736,0.3467,9,Texas A&M,8.54,115.38,106.15,0.6162,0.5261,0.1792,0.3344,22,10,0.3409,0.2946,Texas A&M
2024,1,5,Wisconsin,14.9,114.34,99.7,0.728,0.5339,0.1777,0.3056,25,8,0.3655,0.2984,12,James Madison,7.0,111.94,104.3,0.6156,0.534,0.182,0.2663,22,10,0.3623,0.3488,James Madison
2024,1,4,Duke,16.98,115.78,99.17,0.7621,0.5526,0.1576,0.3206,25,9,0.3748,0.3019,13,Vermont,6.19,109.93,103.45,0.5784,0.5143,0.1572,0.3009,23,11,0.3321,0.3501,Duke
2024,1,6,Texas Tech,16.98,114.59,97.28,0.7403,0.5539,0.154,0.3289,22,6,0.3554,0.313,11,NC State,8.32,114.72,105.66,0.6431,0.5263,0.1723,0.2806,21,12,0.3446,0.3408,NC State
2024,1,3,Illinois,20.63,118.54,97.3,0.7925,0.5526,0.1421,0.2931,28,6,0.3571,0.2924,14,Morehead State,4.88,114.3,108.88,0.571,0.4982,0.1918,0.2848,22,15,0.316,0.313,Illinois
2024,1,7,Washington State,12.19,116.4,103.55,0.6935,0.5429,0.1756,0.3277,22,9,0.3465,0.3324,10,Drake,9.83,112.32,101.69,0.6532,0.5221,0.1655,0.2897,19,10,0.321,0.301,Drake
2024,1,2,Marquette,24.64,119.53,94.82,0.8678,0.5573,0.1609,0.2914,30,5,0.3586,0.28,15,Western Kentucky,-0.02,111.86,112.77,0.5049,0.491,0.1989,0.3043,18,14,0.3161,0.342,Marquette
2024,2,1,Houston,31.35,120.96,90.14,0.98,0.5743,0.1502,0.3142,29,3,0.3916,0.2818,9,Texas A&M,8.54,115.38,106.15,0.6162,0.5261,0.1792,0.3344,22,10,0.3409,0.2946,Houston
2024,2,12,James Madison,7.0,111.94,104.3,0.6156,0.534,0.182,0.2663,22,10,0.3623,0.3488,4,Duke,16.98,115.78,99.17,0.7621,0.5526,0.1576,0.3206,25,9,0.3748,0.3019,Duke
2024,2,11,NC State,8.32,114.72,105.66,0.6431,0.5263,0.1723,0.2806,21,12,0.3446,0.3408,3,Illinois,20.63,118.54,97.3,0.7925,0.5526,0.1421,0.2931,28,6,0.3571,0.2924,NC State
2024,2,10,Drake,9.83,112.32,101.69,0.6532,0.5221,0.1655,0.2897,19,10,0.321,0.301,2,Marquette,24.64,119.53,94.82,0.8678,0.5573,0.1609,0.2914,30,5,0.3586,0.28,Marquette
2024,3,1,Houston,31.35,120.96,90.14,0.98,0.5743,0.1502,0.3142,29,3,0.3916,0.2818,4,Duke,16.98,115.78,99.17,0.7621,0.5526,0.1576,0.3206,25,9,0.3748,0.3019,Duke
2024,3,11,NC State,8.32,114.72,105.66,0.6431,0.5263,0.1723,0.2806,21,12,0.3446,0.3408,2,Marquette,24.64,119.53,94.82,0.8678,0.5573,0.1609,0.2914,30,5,0.3586,0.28,NC State
2024,4,4,Duke,16.98,115.78,99.17,0.7621,0.5526,0.1576,0.3206,25,9,0.3748,0.3019,11,NC State,8.32,114.72,105.66,0.6431,0.5263,0.1723,0.2806,21,12,0.3446,0.3408,NC State
2024,1,1,North Carolina,29.13,118.82,88.73,0.9185,0.5721,0.14,0.2807,30,4,0.3617,0.2894,16,Wagner,-2.77,107.98,111.67,0.4647,0.4804,0.1628,0.3104,16,17,0.3303,0.3395,North Carolina
2024,1,8,Mississippi State,12.81,114.14,101.96,0.6864,0.5317,0.1599,0.3239,21,9,0.3442,0.3289,9,Michigan State,9.45,114.57,105.61,0.6248,0.5314,0.1781,0.2856,22,12,0.3724,0.2996,Michigan State
2024,1,5,Saint Mary's,18.31,120.13,101.98,0.7735,0.5386,0.1696,0.3037,25,8,0.3351,0.3068,12,Grand Canyon,4.81,110.81,106.24,0.5554,0.4936,0.1646,0.2683,20,9,0.3188,0.3457,Saint Mary's
2024,1,4,Alabama,20.09,120.65,101.11,0.8114,0.5353,0.1505,0.2854,23,6,0.3565,0.3196,13,Charleston,3.22,113.21,110.42,0.5365,0.5041,0.1575,0.2998,19,12,0.3323,0.3126,Alabama
2024,1,6,Clemson,12.78,117.28,105.38,0.6939,0.5131,0.1598,0.3195,26,9,0.3423,0.3344,11,New Mexico,9.41,112.36,103.33,0.6403,0.5263,0.1707,0.3295,20,10,0.3654,0.296,Clemson
2024,1,3,Baylor,20.11,119.77,99.98,0.7894,0.5275,0.1449,0.326,28,5,0.3419,0.3177,14,Colgate,0.59,107.65,106.31,0.4998,0.5025,0.1849,0.2767,19,12,0.3454,0.3561,Baylor
2024,1,7,Nevada,11.39,112.29,101.78,0.6663,0.5127,0.1698,0.2668,25,10,0.3313,0.3392,10,Dayton,11.61,112.32,100.29,0.6594,0.5276,0.183,0.324,19,12,0.3609,0.3298,Dayton
2024,1,2,Arizona,25.3,122.46,97.17,0.8895,0.5564,0.1434,0.3206,28,4,0.3776,0.297,15,Long Beach State,2.67,109.48,107.69,0.5286,0.51,0.1595,0.3201,20,15,0.3322,0.3373,Arizona
2024,2,1,North Carolina,29.13,118.82,88.73,0.9185,0.5721,0.14,0.2807,30,4,0.3617,0.2894,9,Michigan State,9.45,114.57,105.61,0.6248,0.5314,0.1781,0.2856,22,12,0.3724,0.2996,North Carolina
2024,2,5,Saint Mary's,18.31,120.13,101.98,0.7735,0.5386,0.1696,0.3037,25,8,0.3351,0.3068,4,Alabama,20.09,120.65,101.11,0.8114,0.5353,0.1505,0.2854,23,6,0.3565,0.3196,Alabama
2024,2,6,Clemson,12.78,117.28,105.38,0.6939,0.5131,0.1598,0.3195,26,9,0.3423,0.3344,3,Baylor,20.11,119.77,99.98,0.7894,0.5275,0.1449,0.326,28,5,0.3419,0.3177,Clemson
2024,2,10,Dayton,11.61,112.32,100.29,0.6594,0.5276,0.183,0.324,19,12,0.3609,0.3298,2,Arizona,25.3,122.46,97.17,0.8895,0.5564,0.1434,0.3206,28,4,0.3776,0.297,Arizona
2024,3,1,North Carolina,29.13,118.82,88.73,0.9185,0.5721,0.14,0.2807,30,4,0.3617,0.2894,4,Alabama,20.09,120.65,101.11,0.8114,0.5353,0.1505,0.2854,23,6,0.3565,0.3196,Alabama
2024,3,6,Clemson,12.78,117.28,105.38,0.6939,0.5131,0.1598,0.3195,26,9,0.3423,0.3344,2,Arizona,25.3,122.46,97.17,0.8895,0.5564,0.1434,0.3206,28,4,0.3776,0.297,Clemson
2024,4,4,Alabama,20.09,120.65,101.11,0.8114,0.5353,0.1505,0.2854,23,6,0.3565,0.3196,6,Clemson,12.78,117.28,105.38,0.6939,0.5131,0.1598,0.3195,26,9,0.3423,0.3344,Alabama
2024,1,1,Connecticut,27.04,120.7,93.89,0.907,0.5393,0.1507,0.3378,33,2,0.3444,0.3012,16,Stetson,-0.27,109.46,110.64,0.4916,0.4963,0.1723,0.2621,15,14,0.3422,0.3202,Connecticut
2024,1,8,Northwestern,11.84,112.51,100.35,0.686,0.5424,0.1627,0.3314,22,8,0.3237,0.3376,9,Florida Atlantic,7.97,110.48,101.87,0.6258,0.5245,0.1802,0.3017,21,12,0.3604,0.3212,Northwestern
2024,1,5,San Diego State,16.17,116.83,101.38,0.7492,0.5226,0.1715,0.3275,26,5,0.3555,0.3277,12,UAB,8.83,115.22,107.3,0.6236,0.5071,0.1865,0.2775,22,10,0.3698,0.3113,San Diego State
2024,1,4,Auburn,17.01,118.14,100.3,0.7471,0.5216,0.1661,0.3327,27,9,0.365,0.2845,13,Yale,7.96,116.09,108.41,0.6006,0.5129,0.1738,0.3024,22,9,0.3684,0.349,Auburn
2024,1,6,BYU,14.53,117.87,102.45,0.7067,0.5267,0.1807,0.3028,25,9,0.3349,0.292,11,Duquesne,10.28,116.57,105.92,0.648,0.5156,0.1615,0.2994,22,10,0.3602,0.2942,BYU
2024,1,3,Creighton,23.66,118.67,94.46,0.8679,0.5497,0.1699,0.3331,28,7,0.3351,0.2869,14,Akron,1.18,112.97,111.74,0.5229,0.516,0.1661,0.334,21,15,0.3509,0.3095,Creighton
2024,1,7,Texas,11.59,116.66,104.36,0.6896,0.5428,0.1696,0.3058,22,6,0.3504,0.3089,10,Colorado State,7.99,113.55,106.55,0.609,0.5224,0.1616,0.2854,21,12,0.3338,0.3095,Texas
2024,1,2,Iowa State,25.96,121.68,95.99,0.8941,0.5588,0.1461,0.3078,27,7,0.3398,0.28,15,South Dakota State,0.44,112.79,112.46,0.5127,0.4913,0.1768,0.2825,17,16,0.3599,0.3154,Iowa State
2024,2,1,Connecticut,27.04,120.7,93.89,0.907,0.5393,0.1507,0.3378,33,2,0.3444,0.3012,8,Northwestern,11.84,112.51,100.35,0.686,0.5424,0.1627,0.3314,22,8,0.3237,0.3376,Connecticut
2024,2,5,San Diego State,16.17,116.83,101.38,0.7492,0.5226,0.1715,0.3275,26,5,0.3555,0.3277,4,Auburn,17.01,118.14,100.3,0.7471,0.5216,0.1661,0.3327,27,9,0.365,0.2845,San Diego State
2024,2,6,BYU,14.53,117.87,102.45,0.7067,0.5267,0.1807,0.3028,25,9,0.3349,0.292,3,Creighton,23.66,118.67,94.46,0.8679,0.5497,0.1699,0.3331,28,7,0.3351,0.2869,Creighton
2024,2,7,Texas,11.59,116.66,104.36,0.6896,0.5428,0.1696,0.3058,22,6,0.3504,0.3089,2,Iowa State,25.96,121.68,95.99,0.8941,0.5588,0.1461,0.3078,27,7,0.3398,0.28,Iowa State
2024,3,1,Connecticut,27.04,120.7,93.89,0.907,0.5393,0.1507,0.3378,33,2,0.3444,0.3012,5,San Diego State,16.17,116.83,101.38,0.7492,0.5226,0.1715,0.3275,26,5,0.3555,0.3277,Connecticut
2024,3,3,Creighton,23.66,118.67,94.46,0.8679,0.5497,0.1699,0.3331,28,7,0.3351,0.2869,2,Iowa State,25.96,121.68,95.99,0.8941,0.5588,0.1461,0.3078,27,7,0.3398,0.28,Iowa State
2024,4,1,Connecticut,27.04,120.7,93.89,0.907,0.5393,0.1507,0.3378,33,2,0.3444,0.3012,2,Iowa State,25.96,121.68,95.99,0.8941,0.5588,0.1461,0.3078,27,7,0.3398,0.28,Connecticut
2024,1,1,Purdue,31.96,122.82,89.87,0.9787,0.5758,0.14,0.2798,29,2,0.3833,0.3255,16,Grambling,-1.53,107.14,109.24,0.4741,0.4797,0.1761,0.2609,15,16,0.3554,0.3425,Purdue
2024,1,8,Utah State,9.56,113.09,103.8,0.6313,0.5225,0.152,0.3321,21,7,0.379,0.3389,9,TCU,10.64,114.85,104.02,0.6528,0.5021,0.1789,0.3272,20,9,0.357,0.3031,TCU
2024,1,5,Gonzaga,18.44,116.15,98.32,0.796,0.5336,0.1771,0.3399,26,7,0.3764,0.3135,12,McNeese,9.17,115.28,106.61,0.6383,0.5231,0.1559,0.3085,22,12,0.3534,0.3114,Gonzaga
2024,1,4,Kansas,21.49,115.67,93.82,0.8305,0.5281,0.1716,0.3144,25,5,0.3528,0.3228,13,Samford,6.2,111.53,104.97,0.6006,0.518,0.1905,0.3277,23,10,0.3246,0.3378,Kansas
2024,1,6,South Carolina,14.25,113.64,99.93,0.7299,0.5373,0.1512,0.2751,23,10,0.363,0.3233,11,Oregon,6.72,112.92,106.73,0.5817,0.5306,0.1533,0.3118,21,11,0.3368,0.2958,South Carolina
2024,1,3,Marquette,21.64,118.33,96.62,0.8228,0.5513,0.1639,0.2914,29,6,0.3556,0.2827,14,Oakland,2.73,112.56,110.82,0.5529,0.5097,0.1932,0.2925,21,15,0.3349,0.3338,Marquette
2024,1,7,Texas A&M,11.54,116.58,104.35,0.6612,0.5321,0.1762,0.3344,23,8,0.3439,0.2916,10,Colorado,8.44,113.92,106.06,0.6167,0.5351,0.1728,0.2825,20,12,0.3372,0.3034,Texas A&M
2024,1,2,Tennessee,25.47,119.82,95.16,0.8652,0.5506,0.1655,0.3214,30,5,0.3442,0.2982,15,Jacksonville State,0.44,111.29,110.68,0.5081,0.4963,0.16,0.3167,17,13,0.3132,0.3452,Tennessee
2024,2,1,Purdue,31.96,122.82,89.87,0.9787,0.5758,0.14,0.2798,29,2,0.3833,0.3255,9,TCU,10.64,114.85,104.02,0.6528,0.5021,0.1789,0.3272,20,9,0.357,0.3031,Purdue
2024,2,5,Gonzaga,18.44,116.15,98.32,0.796,0.5336,0.1771,0.3399,26,7,0.3764,0.3135,4,Kansas,21.49,115.67,93.82,0.8305,0.5281,0.1716,0.3144,25,5,0.3528,0.3228,Gonzaga
2024,2,6,South Carolina,14.25,113.64,99.93,0.7299,0.5373,0.1512,0.2751,23,10,0.363,0.3233,3,Marquette,21.64,118.33,96.62,0.8228,0.5513,0.1639,0.2914,29,6,0.3556,0.2827,Marquette
2024,2,7,Texas A&M,11.54,116.58,104.35,0.6612,0.5321,0.1762,0.3344,23,8,0.3439,0.2916,2,Tennessee,25.47,119.82,95.16,0.8652,0.5506,0.1655,0.3214,30,5,0.3442,0.2982,Tennessee
2024,3,1,Purdue,31.96,122.82,89.87,0.9787,0.5758,0.14,0.2798,29,2,0.3833,0.3255,5,Gonzaga,18.44,116.15,98.32,0.796,0.5336,0.1771,0.3399,26,7,0.3764,0.3135,Purdue
2024,3,3,Marquette,21.64,118.33,96.62,0.8228,0.5513,0.1639,0.2914,29,6,0.3556,0.2827,2,Tennessee,25.47,119.82,95.16,0.8652,0.5506,0.1655,0.3214,30,5,0.3442,0.2982,Tennessee
2024,4,1,Purdue,31.96,122.82,89.87,0.9787,0.5758,0.14,0.2798,29,2,0.3833,0.3255,2,Tennessee,25.47,119.82,95.16,0.8652,0.5506,0.1655,0.3214,30,5,0.3442,0.2982,Purdue
2024,5,1,Connecticut,27.04,120.7,93.89,0.907,0.5393,0.1507,0.3378,33,2,0.3444,0.3012,4,Alabama,20.09,120.65,101.11,0.8114,0.5353,0.1505,0.2854,23,6,0.3565,0.3196,Connecticut
2024,5,1,Purdue,31.96,122.82,89.87,0.9787,0.5758,0.14,0.2798,29,2,0.3833,0.3255,11,NC State,8.32,114.72,105.66,0.6431,0.5263,0.1723,0.2806,21,12,0.3446,0.3408,Purdue
2024,6,1,Connecticut,27.04,120.7,93.89,0.907,0.5393,0.1507,0.3378,33,2,0.3444,0.3012,1,Purdue,31.96,122.82,89.87,0.9787,0.5758,0.14,0.2798,29,2,0.3833,0.3255,Connecticut
2025,1,1,Auburn,32.12,124.97,92.35,0.98,0.5515,0.1438,0.3076,33,2,0.393,0.3021,16,Alabama State,-1.83,107.0,108.84,0.4748,0.513,0.1896,0.336,15,18,0.3273,0.3467,Auburn
2025,1,8,Louisville,9.03,116.24,107.13,0.617,0.5274,0.1735,0.3335,23,8,0.3354,0.3405,9,Creighton,8.33,111.27,103.9,0.6195,0.5239,0.1875,0.3079,24,11,0.324,0.3314,Louisville
2025,1,5,Michigan,18.84,115.39,96.19,0.7929,0.5339,0.1692,0.3141,26,9,0.3714,0.329,12,UC San Diego,7.02,111.93,105.73,0.5902,0.4974,0.1827,0.2725,22,9,0.3653,0.3108,Michigan
2025,1,4,Texas A&M,17.21,119.44,101.61,0.7472,0.5402,0.1572,0.2815,26,6,0.3307,0.3184,13,Yale,5.39,112.32,107.37,0.5658,0.5096,0.1937,0.3389,21,13,0.3373,0.3163,Texas A&M
2025,1,6,Ole Miss,17.68,116.74,99.79,0.7751,0.5284,0.1423,0.3307,22,9,0.3782,0.3351,11,North Carolina,6.82,115.52,108.1,0.6085,0.5302,0.1769,0.3324,23,10,0.3696,0.3396,North Carolina
2025,1,3,Iowa State,21.78,121.38,99.86,0.8413,0.5342,0.1689,0.276,29,4,0.3864,0.3077,14,Lipscomb,2.28,113.88,111.34,0.5493,0.5065,0.1803,0.2766,20,15,0.3663,0.349,Iowa State
2025,1,7,Marquette,15.58,116.33,100.8,0.7188,0.5292,0.1466,0.3049,25,9,0.3817,0.3055,10,New Mexico,10.55,116.99,105.76,0.6729,0.5134,0.1878,0.3251,22,11,0.3747,0.3477,Marquette
2025,1,2,Michigan State,24.95,122.16,96.66,0.8709,0.561,0.1657,0.3057,29,4,0.3685,0.3156,15,Bryant,-2.69,107.08,110.76,0.4694,0.4961,0.1707,0.2749,17,16,0.3138,0.3322,Michigan State
2025,2,1,Auburn,32.12,124.97,92.35,0.98,0.5515,0.1438,0.3076,33,2,0.393,0.3021,8,Louisville,9.03,116.24,107.13,0.617,0.5274,0.1735,0.3335,23,8,0.3354,0.3405,Auburn
2025,2,5,Michigan,18.84,115.39,96.19,0.7929,0.5339,0.1692,0.3141,26,9,0.3714,0.329,4,Texas A&M,17.21,119.44,101.61,0.7472,0.5402,0.1572,0.2815,26,6,0.3307,0.3184,Michigan
2025,2,11,North Carolina,6.82,115.52,108.1,0.6085,0.5302,0.1769,0.3324,23,10,0.3696,0.3396,3,Iowa State,21.78,121.38,99.86,0.8413,0.5342,0.1689,0.276,29,4,0.3864,0.3077,Iowa State
2025,2,7,Marquette,15.58,116.33,100.8,0.7188,0.5292,0.1466,0.3049,25,9,0.3817,0.3055,2,Michigan State,24.95,122.16,96.66,0.8709,0.561,0.1657,0.3057,29,4,0.3685,0.3156,Michigan State
2025,3,1,Auburn,32.12,124.97,92.35,0.98,0.5515,0.1438,0.3076,33,2,0.393,0.3021,5,Michigan,18.84,115.39,96.19,0.7929,0.5339,0.1692,0.3141,26,9,0.3714,0.329,Auburn
2025,3,3,Iowa State,21.78,121.38,99.86,0.8413,0.5342,0.1689,0.276,29,4,0.3864,0.3077,2,Michigan State,24.95,122.16,96.66,0.8709,0.561,0.1657,0.3057,29,4,0.3685,0.3156,Michigan State
2025,4,1,Auburn,32.12,124.97,92.35,0.98,0.5515,0.1438,0.3076,33,2,0.393,0.3021,2,Michigan State,24.95,122.16,96.66,0.8709,0.561,0.1657,0.3057,29,4,0.3685,0.3156,Auburn
2025,1,1,Duke,29.6,120.83,91.66,0.9465,0.5572,0.1441,0.2746,33,2,0.3487,0.295,16,American,-4.09,110.52,115.53,0.456,0.499,0.1644,0.2837,17,16,0.3169,0.3052,Duke
2025,1,8,Mississippi State,8.46,110.47,101.24,0.6258,0.5308,0.1781,0.3285,22,10,0.3573,0.3314,9,Baylor,8.7,113.12,104.12,0.6405,0.5322,0.1839,0.2923,21,8,0.3443,0.3182,Baylor
2025,1,5,Oregon,16.48,117.27,99.87,0.7323,0.5488,0.1801,0.2923,26,9,0.3538,0.3313,12,Liberty,5.41,111.28,105.1,0.5865,0.5078,0.1921,0.2947,24,8,0.3558,0.3155,Oregon
2025,1,4,Arizona,19.43,117.55,97.37,0.7762,0.5587,0.1729,0.3318,26,8,0.3687,0.2924,13,Akron,4.51,112.6,108.53,0.5686,0.5021,0.1925,0.2681,20,13,0.3656,0.3014,Arizona
2025,1,6,BYU,12.81,112.86,100.07,0.6828,0.5282,0.1505,0.2811,24,6,0.3737,0.3145,11,VCU,7.7,111.22,103.52,0.6071,0.5225,0.1656,0.3349,20,13,0.3714,0.333,BYU
2025,1,3,Wisconsin,23.49,117.7,94.68,0.8714,0.5332,0.1617,0.3348,28,8,0.3746,0.28,14,Montana,4.47,114.51,109.43,0.5647,0.5262,0.1607,0.2775,19,15,0.3433,0.3209,Wisconsin
2025,1,7,Saint Mary's,14.16,114.44,99.36,0.7156,0.5447,0.1638,0.2667,24,7,0.3426,0.2871,10,Vanderbilt,6.78,110.31,103.09,0.5971,0.5087,0.1783,0.3286,22,11,0.3701,0.3185,Saint Mary's
2025,1,2,Alabama,27.07,121.62,94.2,0.8919,0.5446,0.1566,0.2609,26,3,0.3637,0.3229,15,Robert Morris,-2.83,107.05,109.14,0.4599,0.4921,0.1951,0.3317,17,12,0.3538,0.3118,Alabama
2025,2,1,Duke,29.6,120.83,91.66,0.9465,0.5572,0.1441,0.2746,33,2,0.3487,0.295,9,Baylor,8.7,113.12,104.12,0.6405,0.5322,0.1839,0.2923,21,8,0.3443,0.3182,Duke
2025,2,5,Oregon,16.48,117.27,99.87,0.7323,0.5488,0.1801,0.2923,26,9,0.3538,0.3313,4,Arizona,19.43,117.55,97.37,0.7762,0.5587,0.1729,0.3318,26,8,0.3687,0.2924,Arizona
2025,2,6,BYU,12.81,112.86,100.07,0.6828,0.5282,0.1505,0.2811,24,6,0.3737,0.3145,3,Wisconsin,23.49,117.7,94.68,0.8714,0.5332,0.1617,0.3348,28,8,0.3746,0.28,Wisconsin
2025,2,7,Saint Mary's,14.16,114.44,99.36,0.7156,0.5447,0.1638,0.2667,24,7,0.3426,0.2871,2,Alabama,27.07,121.62,94.2,0.8919,0.5446,0.1566,0.2609,26,3,0.3637,0.3229,Alabama
2025,3,1,Duke,29.6,120.83,91.66,0.9465,0.5572,0.1441,0.2746,33,2,0.3487,0.295,4,Arizona,19.43,117.55,97.37,0.7762,0.5587,0.1729,0.3318,26,8,0.3687,0.2924,Duke
2025,3,3,Wisconsin,23.49,117.7,94.68,0.8714,0.5332,0.1617,0.3348,28,8,0.3746,0.28,2,Alabama,27.07,121.62,94.2,0.8919,0.5446,0.1566,0.2609,26,3,0.3637,0.3229,Alabama
2025,4,1,Duke,29.6,120.83,91.66,0.9465,0.5572,0.1441,0.2746,33,2,0.3487,0.295,2,Alabama,27.07,121.62,94.2,0.8919,0.5446,0.1566,0.2609,26,3,0.3637,0.3229,Duke
2025,1,1,Florida,32.08,121.21,88.86,0.9791,0.5779,0.1419,0.2626,33,2,0.3585,0.3134,16,Norfolk State,-5.19,106.83,112.99,0.4088,0.4819,0.1773,0.2779,17,17,0.3322,0.364,Florida
2025,1,8,Connecticut,10.12,112.9,102.0,0.6486,0.5331,0.1513,0.2745,24,9,0.3461,0.3209,9,Oklahoma,10.89,114.65,103.64,0.672,0.5023,0.1569,0.318,23,11,0.3339,0.3409,Oklahoma
2025,1,5,Memphis,15.71,116.77,101.87,0.7207,0.5317,0.1511,0.3215,24,6,0.3563,0.3207,12,Colorado State,4.34,113.69,108.98,0.5473,0.5228,0.1681,0.3329,24,10,0.3726,0.305,Memphis
2025,1,4,Maryland,17.54,115.43,97.35,0.7788,0.5269,0.1524,0.3327,26,7,0.3368,0.3044,13,Grand Canyon,7.81,110.82,102.54,0.5977,0.5194,0.153,0.2677,22,13,0.349,0.3416,Maryland
2025,1,6,Missouri,16.86,116.65,99.73,0.7369,0.5358,0.1795,0.299,22,10,0.3816,0.2933,11,Drake,5.27,111.95,107.65,0.588,0.5085,0.189,0.2728,23,9,0.3692,0.3103,Drake
2025,1,3,Texas Tech,22.28,118.35,96.27,0.8395,0.533,0.1501,0.3214,26,8,0.374,0.3163,14,UNC Wilmington,5.02,111.55,106.45,0.5666,0.5031,0.1681,0.2889,20,15,0.3313,0.3378,Texas Tech
2025,1,7,Kansas,11.95,112.6,99.91,0.6808,0.5233,0.1729,0.3378,22,6,0.3296,0.3236,10,Arkansas,9.22,115.81,105.94,0.6501,0.5295,0.1778,0.2606,19,12,0.3589,0.3442,Kansas
2025,1,2,St. John's,26.07,119.73,93.17,0.9098,0.5441,0.1596,0.3275,27,5,0.3375,0.3218,15,Omaha,0.55,108.38,108.67,0.4995,0.4891,0.1941,0.3042,20,12,0.3187,0.3084,St. John's
2025,2,1,Florida,32.08,121.21,88.86,0.9791,0.5779,0.1419,0.2626,33,2,0.3585,0.3134,9,Oklahoma,10.89,114.65,103.64,0.672,0.5023,0.1569,0.318,23,11,0.3339,0.3409,Florida
2025,2,5,Memphis,15.71,116.77,101.87,0.7207,0.5317,0.1511,0.3215,24,6,0.3563,0.3207,4,Maryland,17.54,115.43,97.35,0.7788,0.5269,0.1524,0.3327,26,7,0.3368,0.3044,Maryland
2025,2,11,Drake,5.27,111.95,107.65,0.588,0.5085,0.189,0.2728,23,9,0.3692,0.3103,3,Texas Tech,22.28,118.35,96.27,0.8395,0.533,0.1501,0.3214,26,8,0.374,0.3163,Texas Tech
2025,2,7,Kansas,11.95,112.6,99.91,0.6808,0.5233,0.1729,0.3378,22,6,0.3296,0.3236,2,St. John's,26.07,119.73,93.17,0.9098,0.5441,0.1596,0.3275,27,5,0.3375,0.3218,St. John's
2025,3,1,Florida,32.08,121.21,88.86,0.9791,0.5779,0.1419,0.2626,33,2,0.3585,0.3134,4,Maryland,17.54,115.43,97.35,0.7788,0.5269,0.1524,0.3327,26,7,0.3368,0.3044,Florida
2025,3,3,Texas Tech,22.28,118.35,96.27,0.8395,0.533,0.1501,0.3214,26,8,0.374,0.3163,2,St. John's,26.07,119.73,93.17,0.9098,0.5441,0.1596,0.3275,27,5,0.3375,0.3218,Texas Tech
2025,4,1,Florida,32.08,121.21,88.86,0.9791,0.5779,0.1419,0.2626,33,2,0.3585,0.3134,3,Texas Tech,22.28,118.35,96.27,0.8395,0.533,0.1501,0.3214,26,8,0.374,0.3163,Florida
2025,1,1,Houston,30.64,123.1,93.22,0.9465,0.5529,0.1693,0.3323,31,4,0.3512,0.3251,16,SIU Edwardsville,-2.36,111.14,114.16,0.4674,0.4846,0.171,0.286,15,17,0.3433,0.336,Houston
2025,1,8,Gonzaga,9.85,115.37,106.41,0.6633,0.5162,0.1759,0.3089,20,8,0.3546,0.3277,9,Georgia,8.43,114.08,106.06,0.6204,0.5062,0.1536,0.3393,20,8,0.3322,0.3252,Gonzaga
2025,1,5,Clemson,14.05,117.68,102.69,0.723,0.5432,0.1826,0.3202,27,5,0.3523,0.2954,12,McNeese,6.07,112.19,105.16,0.6062,0.5254,0.1712,0.3349,23,8,0.3676,0.3056,Clemson
2025,1,4,Purdue,16.67,116.81,100.11,0.7622,0.5377,0.1491,0.3096,24,5,0.3476,0.3158,13,High Point,7.33,112.83,105.16,0.5901,0.5006,0.1552,0.293,20,13,0.3196,0.3098,Purdue
2025,1,6,Illinois,14.57,114.99,99.65,0.724,0.5487,0.1514,0.3157,22,8,0.3704,0.3099,11,Texas,10.73,113.62,102.39,0.642,0.5256,0.1795,0.2761,22,9,0.3315,0.3153,Illinois
2025,1,3,Kentucky,19.33,119.53,99.71,0.8035,0.5518,0.1634,0.3091,25,7,0.3444,0.2877,14,Troy,4.77,113.8,108.35,0.5781,0.5016,0.1781,0.2696,18,13,0.3216,0.3217,Kentucky
2025,1,7,UCLA,12.83,114.07,101.68,0.6751,0.5312,0.1493,0.2893,22,6,0.3336,0.3023,10,UC Irvine,9.79,115.73,105.55,0.6529,0.51,0.1503,0.2975,19,11,0.341,0.3364,UCLA
2025,1,2,Tennessee,25.69,120.05,93.37,0.8771,0.5417,0.1434,0.2656,26,4,0.3371,0.2955,15,Colgate,-2.77,110.85,112.92,0.4405,0.5075,0.1893,0.2985,21,16,0.3209,0.3305,Tennessee
2025,2,1,Houston,30.64,123.1,93.22,0.9465,0.5529,0.1693,0.3323,31,4,0.3512,0.3251,8,Gonzaga,9.85,115.37,106.41,0.6633,0.5162,0.1759,0.3089,20,8,0.3546,0.3277,Houston
2025,2,5,Clemson,14.05,117.68,102.69,0.723,0.5432,0.1826,0.3202,27,5,0.3523,0.2954,4,Purdue,16.67,116.81,100.11,0.7622,0.5377,0.1491,0.3096,24,5,0.3476,0.3158,Purdue
2025,2,6,Illinois,14.57,114.99,99.65,0.724,0.5487,0.1514,0.3157,22,8,0.3704,0.3099,3,Kentucky,19.33,119.53,99.71,0.8035,0.5518,0.1634,0.3091,25,7,0.3444,0.2877,Kentucky
2025,2,7,UCLA,12.83,114.07,101.68,0.6751,0.5312,0.1493,0.2893,22,6,0.3336,0.3023,2,Tennessee,25.69,120.05,93.37,0.8771,0.5417,0.1434,0.2656,26,4,0.3371,0.2955,Tennessee
2025,3,1,Houston,30.64,123.1,93.22,0.9465,0.5529,0.1693,0.3323,31,4,0.3512,0.3251,4,Purdue,16.67,116.81,100.11,0.7622,0.5377,0.1491,0.3096,24,5,0.3476,0.3158,Houston
2025,3,3,Kentucky,19.33,119.53,99.71,0.8035,0.5518,0.1634,0.3091,25,7,0.3444,0.2877,2,Tennessee,25.69,120.05,93.37,0.8771,0.5417,0.1434,0.2656,26,4,0.3371,0.2955,Tennessee
2025,4,1,Houston,30.64,123.1,93.22,0.9465,0.5529,0.1693,0.3323,31,4,0.3512,0.3251,2,Tennessee,25.69,120.05,93.37,0.8771,0.5417,0.1434,0.2656,26,4,0.3371,0.2955,Houston
2025,5,1,Florida,32.08,121.21,88.86,0.9791,0.5779,0.1419,0.2626,33,2,0.3585,0.3134,1,Duke,29.6,120.83,91.66,0.9465,0.5572,0.1441,0.2746,33,2,0.3487,0.295,Florida
2025,5,1,Houston,30.64,123.1,93.22,0.9465,0.5529,0.1693,0.3323,31,4,0.3512,0.3251,1,Auburn,32.12,124.97,92.35,0.98,0.5515,0.1438,0.3076,33,2,0.393,0.3021,Houston
2025,6,1,Florida,32.08,121.21,88.86,0.9791,0.5779,0.1419,0.2626,33,2,0.3585,0.3134,1,Houston,30.64,123.1,93.22,0.9465,0.5529,0.1693,0.3323,31,4,0.3512,0.3251,Florida
